Workbook

Sheet PLAN (2)
A1: 步驟 月份 | D1: 2024.4 | H1: 2024.5 | M1: 2024.6 | Q1: 2024.7
D2: W14 | E2: W15 | F2: W16 | G2: W17 | H2: W18 | I2: W19 | J2: W20 | K2: W21 | L2: W22 | M2: W23 | N2: W24 | O2: W25 | P2: W26 | Q2: W27 | R2: W28 | S2: W29 | T2: W30 | U2: W31
A3: 環境設備 | B3: 1 | C3: 準備主機環境
B4: 2 | C4: 建立部門 Group，給各部門建立訪問 AD 帳號
A5: 應用對策 | B5: 1 | C5: 根據 ISO27001 標準進行對策檢驗、測驗
B6: 2 | C6: 檢驗並測試 Windows Server Update Services
B7: 3 | C7: 應用在 AD 上的管理對策：Password;Block Registry, Block Manager, Block USB, CD, Block AppZalo-Bittorrent, Install 7Zip…
A8: 導入應用連接到 AD | B8: 1 | C8: 給 6 廠電腦導入連接到 AD
B9: 2 | C9: 給 3 廠辦公室電腦導入連接到 AD
B10: 3 | C10: 給 1 廠電腦導入連接到 AD
B11: 4 | C11: 給 3 廠電腦導入連接到 AD
B12: 5 | C12: 給 2 廠電腦導入連接到 AD
B13: 6 | C13: 給 5 廠電腦導入連接到 AD
B14: 7 | C14: 給 4 廠電腦導入連接到 AD
B15: 8 | C15: 給開發部電腦導入連接到 AD
A16: 支援使用者 | B16: 1 | C16: 支援使用者處理發生問題 (若有)
A17: 更新 ISO27001 文件 | B17: 1 | C17: 彙總數據，總結導入 AD 計劃以及更新 ISO27001 文件
C18: Update: 2024/05/03 | E18: 已完成 | I18: 執行中 | N18: 未執行

Sheet Repost
B3: Values
A4: Dep | B4: Count of USER | C4: Count of Disable | D4: Count of Delete
A5: An toàn - Môi trường 安環室 | B5: 10 | C5: 3 | D5: 2
A6: Cán ống 製管事業部 | B6: 1
A7: Cắt 3 三 廠素材 | B7: 7 | C7: 2 | D7: 2
A8: Công Vụ 工務 | B8: 2
A9: Dập 1 一廠沖壓 | B9: 12 | C9: 3 | D9: 2
A10: Dập 3 三廠沖壓 | B10: 9 | C10: 1
A11: Dập 4 四廠沖壓 | B11: 17 | C11: 3 | D11: 3
A12: Dập 5 五廠沖壓 | B12: 15 | C12: 1 | D12: 1
A13: Dập 6 六廠沖壓 | B13: 15 | C13: 3 | D13: 2
A14: Đúc 壓鑄部 | B14: 17 | C14: 4 | D14: 2
A15: GDO 總經理室 | B15: 8 | C15: 1 | D15: 1
A16: Gia công 加工部 | B16: 18 | C16: 3 | D16: 3
A17: Hàn 1 一廠焊接 | B17: 14
A18: Hàn 3 三廠焊接 | B18: 14 | C18: 2 | D18: 2
A19: Hàn 6 六廠焊接 | B19: 12 | C19: 2 | D19: 1
A20: IS | B20: 3
A21: Kaifa 開發課 | B21: 117 | C21: 10 | D21: 8
A22: KHO LK1 一廠零件庫 | B22: 5 | C22: 1 | D22: 1
A23: KHO LK3 三廠零件庫 | B23: 5
A24: KHO NL1 一廠原料庫 | B24: 5
A25: Khuôn mẫu 模具課 | B25: 20 | C25: 1 | D25: 1
A26: Kinh doanh 業務部 | B26: 49 | C26: 4 | D26: 3
A27: KSNB 稽核室 | B27: 5 | C27: 2
A28: KTSX 生技 | B28: 9 | C28: 3 | D28: 3
A29: Lắp ráp 6 六廠組裝 | B29: 7
A30: Lắp ráp 組裝 | B30: 5 | C30: 1
A31: MIS | B31: 19 | C31: 2 | D31: 2
A32: Nhân sự-tổng vụ 人事-總務 | B32: 21 | C32: 1 | D32: 1
A33: QA | B33: 21 | C33: 2 | D33: 2
A34: QC 1 一廠品管 | B34: 28 | C34: 2 | D34: 1
A35: QC 2 二廠品管 | B35: 5 | C35: 1 | D35: 1
A36: QC 5 五廠品管 | B36: 4
A37: QC 6 六廠品管 | B37: 4
A38: QLK 2 二廠倉管部 | B38: 3
A39: QLK 4 四廠倉庫 | B39: 10
A40: QLK 5 五廠倉管部 | B40: 9 | C40: 1 | D40: 1
A41: QLK 6 六廠倉管部 | B41: 5
A42: QLSX 1 一廠生管 | B42: 49 | C42: 8 | D42: 7
A43: QLSX 2 二廠生管 | B43: 9 | C43: 1
A44: QLSX 6 六廠生管 | B44: 8 | C44: 3 | D44: 3
A45: QLTB 設管 | B45: 3 | C45: 1
A46: Sơn 1 一廠塗裝 | B46: 9 | C46: 1 | D46: 1
A47: Sơn 2 二廠塗裝 | B47: 3
A48: Sơn 3 三廠塗裝 | B48: 8
A49: Sơn 6 六廠塗裝 | B49: 7 | C49: 1
A50: Tài vụ 財務部 | B50: 18 | C50: 1 | D50: 1
A51: Thu mua 採購 | B51: 38 | C51: 3 | D51: 2
A52: Xuất nhập khẩu 進出口 | B52: 13 | C52: 2 | D52: 1
A53: Y Tế 醫務室 | B53: 4
A54: Hàn 5 五廠焊接 | B54: 7 | C54: 1 | D54: 1
A55: XIMA | B55: 6
A56: (blank)
A57: KTKP | B57: 34 | C57: 2 | D57: 1
A58: Hàn X5A | B58: 12 | C58: 1 | D58: 1
A59: QLK | B59: 2
A60: Grand Total | B60: 760 | C60: 84 | D60: 63

Sheet Total
A1: No. | B1: amount | C1: Dep | D1: Name | E1: USER | F1: ID (vpic1.com) | G1: ID (FILESERVER) | H1: Password | I1: Create date | J1: Disable | K1: Delete | L1: Check Dep | M1: Note | N1: Column1
A2: 1 | B2: 1 | C2: QLSX 1 一廠生管 | D2: =VLOOKUP(E2,Sheet3!$A$2:$D$6338,2,0) -> Lê Kim Cường | E2: #10437 | F2: ="VN"&RIGHT(E2,5) -> VN10437 | H2: IT@vpic1 | I2: 45415 | J2: 45806 | K2: 45806 | L2: =VLOOKUP(E2,DS!$A$2:$E$4398, 5, 0) -> #N/A
A3: 2 | B3: 2 | C3: QLSX 1 一廠生管 | D3: =VLOOKUP(E3,Sheet3!$A$2:$D$6338,2,0) -> Nguyễn Thị Thu Hương | E3: #00328 | F3: ="VN"&RIGHT(E3,5) -> VN00328 | H3: IT@vpic1 | I3: 45415 | L3: =VLOOKUP(E3,DS!$A$2:$E$4398, 5, 0) -> QLSX | N3: =VLOOKUP(Table1[[#This Row],[USER]],[1]!Table145678910111213141545678910111213146[[#All],[No.]:[Delete]],2,0) -> #N/A
A4: 3 | B4: 3 | C4: QLSX 1 一廠生管 | D4: =VLOOKUP(E4,Sheet3!$A$2:$D$6338,2,0) -> Nguyễn Tuấn Anh | E4: #00527 | F4: ="VN"&RIGHT(E4,5) -> VN00527 | H4: IT@vpic1 | I4: 45415 | J4: 45530 | K4: 45530 | L4: =VLOOKUP(E4,DS!$A$2:$E$4398, 5, 0) -> #N/A | N4: =VLOOKUP(Table1[[#This Row],[USER]],[1]!Table145678910111213141545678910111213146[[#All],[No.]:[Delete]],2,0) -> #N/A
A5: 4 | B5: 4 | C5: QLSX 1 一廠生管 | D5: =VLOOKUP(E5,Sheet3!$A$2:$D$6338,2,0) -> Nguyễn Công Chính | E5: #00854 | F5: ="VN"&RIGHT(E5,5) -> VN00854 | H5: IT@vpic1 | I5: 45530 | L5: =VLOOKUP(E5,DS!$A$2:$E$4398, 5, 0) -> QLSX | N5: =VLOOKUP(Table1[[#This Row],[USER]],[1]!Table145678910111213141545678910111213146[[#All],[No.]:[Delete]],2,0) -> #N/A
A6: 5 | B6: 5 | C6: QLSX 1 一廠生管 | D6: =VLOOKUP(E6,Sheet3!$A$2:$D$6338,2,0) -> Kiều Văn Hiên | E6: #04202 | F6: ="VN"&RIGHT(E6,5) -> VN04202 | H6: IT@vpic1 | I6: 45415 | L6: =VLOOKUP(E6,DS!$A$2:$E$4398, 5, 0) -> QLSX | N6: =VLOOKUP(Table1[[#This Row],[USER]],[1]!Table145678910111213141545678910111213146[[#All],[No.]:[Delete]],2,0) -> #N/A
A7: 6 | B7: 6 | C7: QLSX 1 一廠生管 | D7: =VLOOKUP(E7,Sheet3!$A$2:$D$6338,2,0) -> Nguyễn Thị Thịnh | E7: #07789 | F7: ="VN"&RIGHT(E7,5) -> VN07789 | H7: IT@vpic1 | I7: 45415 | L7: =VLOOKUP(E7,DS!$A$2:$E$4398, 5, 0) -> QLSX | N7: =VLOOKUP(Table1[[#This Row],[USER]],[1]!Table145678910111213141545678910111213146[[#All],[No.]:[Delete]],2,0) -> #N/A
A8: 7 | B8: 7 | C8: QLSX 1 一廠生管 | D8: =VLOOKUP(E8,Sheet3!$A$2:$D$6338,2,0) -> Phan Thị Phượng | E8: #13582 | F8: ="VN"&RIGHT(E8,5) -> VN13582 | H8: IT@vpic1 | I8: 45415 | L8: =VLOOKUP(E8,DS!$A$2:$E$4398, 5, 0) -> QLSX | N8: =VLOOKUP(Table1[[#This Row],[USER]],[1]!Table145678910111213141545678910111213146[[#All],[No.]:[Delete]],2,0) -> #N/A
A9: 8 | B9: 8 | C9: QLSX 1 一廠生管 | D9: =VLOOKUP(E9,Sheet3!$A$2:$D$6338,2,0) -> Bùi Thị Thanh | E9: #08550 | F9: ="VN"&RIGHT(E9,5) -> VN08550 | H9: IT@vpic1 | I9: 45415 | L9: =VLOOKUP(E9,DS!$A$2:$E$4398, 5, 0) -> QLSX | N9: =VLOOKUP(Table1[[#This Row],[USER]],[1]!Table145678910111213141545678910111213146[[#All],[No.]:[Delete]],2,0) -> #N/A
A10: 9 | B10: 9 | C10: QLSX 1 一廠生管 | D10: =VLOOKUP(E10,Sheet3!$A$2:$D$6338,2,0) -> Nguyễn Thành Đồng | E10: #07290 | F10: ="VN"&RIGHT(E10,5) -> VN07290 | H10: IT@vpic1 | I10: 45415 | L10: =VLOOKUP(E10,DS!$A$2:$E$4398, 5, 0) -> QLSX | N10: =VLOOKUP(Table1[[#This Row],[USER]],[1]!Table145678910111213141545678910111213146[[#All],[No.]:[Delete]],2,0) -> #N/A
A11: 10 | B11: 10 | C11: QLSX 1 一廠生管 | D11: =VLOOKUP(E11,Sheet3!$A$2:$D$6338,2,0) -> Nguyễn Thị Minh Yến | E11: #08759 | F11: ="VN"&RIGHT(E11,5) -> VN08759 | H11: IT@vpic1 | I11: 45415 | J11: 45876 | K11: 45876 | L11: =VLOOKUP(E11,DS!$A$2:$E$4398, 5, 0) -> #N/A | N11: =VLOOKUP(Table1[[#This Row],[USER]],[1]!Table145678910111213141545678910111213146[[#All],[No.]:[Delete]],2,0) -> #N/A
A12: 11 | B12: 11 | C12: QLSX 1 一廠生管 | D12: =VLOOKUP(E12,Sheet3!$A$2:$D$6338,2,0) -> Lê Văn Bình | E12: #02245 | F12: ="VN"&RIGHT(E12,5) -> VN02245 | H12: IT@vpic1 | I12: 45415 | J12: 45530 | K12: 45806 | L12: =VLOOKUP(E12,DS!$A$2:$E$4398, 5, 0) -> #N/A | N12: =VLOOKUP(Table1[[#This Row],[USER]],[1]!Table145678910111213141545678910111213146[[#All],[No.]:[Delete]],2,0) -> #N/A
A13: 12 | B13: 12 | C13: QLSX 1 一廠生管 | D13: =VLOOKUP(E13,Sheet3!$A$2:$D$6338,2,0) -> Nguyễn Thị Mai | E13: #15884 | F13: ="VN"&RIGHT(E13,5) -> VN15884 | H13: IT@vpic1 | I13: 45415 | L13: =VLOOKUP(E13,DS!$A$2:$E$4398, 5, 0) -> QLSX | N13: =VLOOKUP(Table1[[#This Row],[USER]],[1]!Table145678910111213141545678910111213146[[#All],[No.]:[Delete]],2,0) -> #N/A
A14: 13 | B14: 13 | C14: QLSX 1 一廠生管 | D14: =VLOOKUP(E14,Sheet3!$A$2:$D$6338,2,0) -> Nguyễn Đình Tuấn | E14: #00665 | F14: ="VN"&RIGHT(E14,5) -> VN00665 | H14: IT@vpic1 | I14: 45415 | L14: =VLOOKUP(E14,DS!$A$2:$E$4398, 5, 0) -> QLSX | N14: =VLOOKUP(Table1[[#This Row],[USER]],[1]!Table145678910111213141545678910111213146[[#All],[No.]:[Delete]],2,0) -> #N/A
A15: 14 | B15: 14 | C15: QLSX 1 一廠生管 | D15: =VLOOKUP(E15,Sheet3!$A$2:$D$6338,2,0) -> Nguyễn Văn Mạnh | E15: #06748 | F15: ="VN"&RIGHT(E15,5) -> VN06748 | H15: IT@vpic1 | I15: 45415 | L15: =VLOOKUP(E15,DS!$A$2:$E$4398, 5, 0) -> QLSX | N15: =VLOOKUP(Table1[[#This Row],[USER]],[1]!Table145678910111213141545678910111213146[[#All],[No.]:[Delete]],2,0) -> #N/A
A16: 15 | B16: 15 | C16: QLSX 1 一廠生管 | D16: =VLOOKUP(E16,Sheet3!$A$2:$D$6338,2,0) -> Nguyễn Văn Thắng | E16: #03500 | F16: ="VN"&RIGHT(E16,5) -> VN03500 | H16: IT@vpic1 | I16: 45415 | J16: 45950 | K16: 45960 | L16: =VLOOKUP(E16,DS!$A$2:$E$4398, 5, 0) -> QLSX | N16: =VLOOKUP(Table1[[#This Row],[USER]],[1]!Table145678910111213141545678910111213146[[#All],[No.]:[Delete]],2,0) -> #N/A
A17: 16 | B17: 16 | C17: QLSX 1 一廠生管 | D17: =VLOOKUP(E17,Sheet3!$A$2:$D$6338,2,0) -> Đỗ Minh Hải | E17: #15725 | F17: ="VN"&RIGHT(E17,5) -> VN15725 | H17: IT@vpic1 | I17: 45415 | L17: =VLOOKUP(E17,DS!$A$2:$E$4398, 5, 0) -> QLSX | N17: =VLOOKUP(Table1[[#This Row],[USER]],[1]!Table145678910111213141545678910111213146[[#All],[No.]:[Delete]],2,0) -> #N/A
A18: 17 | B18: 17 | C18: QLSX 1 一廠生管 | D18: =VLOOKUP(E18,Sheet3!$A$2:$D$6338,2,0) -> Lê Văn Bảo | E18: #00186 | F18: ="VN"&RIGHT(E18,5) -> VN00186 | H18: IT@vpic1 | I18: 45415 | L18: =VLOOKUP(E18,DS!$A$2:$E$4398, 5, 0) -> QLSX | N18: =VLOOKUP(Table1[[#This Row],[USER]],[1]!Table145678910111213141545678910111213146[[#All],[No.]:[Delete]],2,0) -> #N/A
A19: 18 | B19: 18 | C19: QLSX 1 一廠生管 | D19: =VLOOKUP(E19,Sheet3!$A$2:$D$6338,2,0) -> Nguyễn Văn Nghiêm | E19: #04427 | F19: ="VN"&RIGHT(E19,5) -> VN04427 | H19: IT@vpic1 | I19: 45415 | L19: =VLOOKUP(E19,DS!$A$2:$E$4398, 5, 0) -> QLSX | N19: =VLOOKUP(Table1[[#This Row],[USER]],[1]!Table145678910111213141545678910111213146[[#All],[No.]:[Delete]],2,0) -> #N/A
A20: 19 | B20: 19 | C20: QLSX 1 一廠生管 | D20: =VLOOKUP(E20,Sheet3!$A$2:$D$6338,2,0) -> Nguyễn Thế Mạnh | E20: #01534 | F20: ="VN"&RIGHT(E20,5) -> VN01534 | H20: IT@vpic1 | I20: 45415 | L20: =VLOOKUP(E20,DS!$A$2:$E$4398, 5, 0) -> QLSX | N20: =VLOOKUP(Table1[[#This Row],[USER]],[1]!Table145678910111213141545678910111213146[[#All],[No.]:[Delete]],2,0) -> #N/A
A21: 20 | B21: 20 | C21: QLSX 1 一廠生管 | D21: =VLOOKUP(E21,Sheet3!$A$2:$D$6338,2,0) -> Nguyễn Tùng Lâm | E21: #15726 | F21: ="VN"&RIGHT(E21,5) -> VN15726 | H21: IT@vpic1 | I21: 45415 | L21: =VLOOKUP(E21,DS!$A$2:$E$4398, 5, 0) -> QLSX | N21: =VLOOKUP(Table1[[#This Row],[USER]],[1]!Table145678910111213141545678910111213146[[#All],[No.]:[Delete]],2,0) -> #N/A
A22: 21 | B22: 21 | C22: QLSX 1 一廠生管 | D22: =VLOOKUP(E22,Sheet3!$A$2:$D$6338,2,0) -> Nguyễn Trung Hiếu | E22: #09145 | F22: ="VN"&RIGHT(E22,5) -> VN09145 | H22: IT@vpic1 | I22: 45415 | L22: =VLOOKUP(E22,DS!$A$2:$E$4398, 5, 0) -> QLSX | N22: =VLOOKUP(Table1[[#This Row],[USER]],[1]!Table145678910111213141545678910111213146[[#All],[No.]:[Delete]],2,0) -> #N/A
A23: 22 | B23: 22 | C23: QLSX 1 一廠生管 | D23: =VLOOKUP(E23,Sheet3!$A$2:$D$6338,2,0) -> Lò Duy Chính | E23: #24335 | F23: ="VN"&RIGHT(E23,5) -> VN24335 | H23: IT@vpic1 | I23: 45442 | L23: =VLOOKUP(E23,DS!$A$2:$E$4398, 5, 0) -> QLSX | N23: =VLOOKUP(Table1[[#This Row],[USER]],[1]!Table145678910111213141545678910111213146[[#All],[No.]:[Delete]],2,0) -> #N/A
A24: 23 | B24: 23 | C24: QLSX 1 一廠生管 | D24: =VLOOKUP(E24,Sheet3!$A$2:$D$6338,2,0) -> Trần Văn Nam | E24: #24687 | F24: ="VN"&RIGHT(E24,5) -> VN24687 | H24: IT@vpic1 | I24: 45442 | J24: 45806 | K24: 45806 | L24: =VLOOKUP(E24,DS!$A$2:$E$4398, 5, 0) -> #N/A | N24: =VLOOKUP(Table1[[#This Row],[USER]],[1]!Table145678910111213141545678910111213146[[#All],[No.]:[Delete]],2,0) -> #N/A
A25: 24 | B25: 24 | C25: QLSX 1 一廠生管 | D25: =VLOOKUP(E25,Sheet3!$A$2:$D$6338,2,0) -> Nguyễn Mạnh Toàn | E25: #03747 | F25: ="VN"&RIGHT(E25,5) -> VN03747 | H25: IT@vpic1 | I25: 45415 | L25: =VLOOKUP(E25,DS!$A$2:$E$4398, 5, 0) -> QLSX | N25: =VLOOKUP(Table1[[#This Row],[USER]],[1]!Table145678910111213141545678910111213146[[#All],[No.]:[Delete]],2,0) -> #N/A
A26: 25 | B26: 25 | C26: QLSX 1 一廠生管 | D26: =VLOOKUP(E26,Sheet3!$A$2:$D$6338,2,0) -> Nguyễn Văn Mỹ | E26: #04428 | F26: ="VN"&RIGHT(E26,5) -> VN04428 | H26: IT@vpic1 | I26: 45415 | L26: =VLOOKUP(E26,DS!$A$2:$E$4398, 5, 0) -> QLSX | N26: =VLOOKUP(Table1[[#This Row],[USER]],[1]!Table145678910111213141545678910111213146[[#All],[No.]:[Delete]],2,0) -> #N/A
A27: 26 | B27: 26 | C27: QLSX 1 一廠生管 | D27: =VLOOKUP(E27,Sheet3!$A$2:$D$6338,2,0) -> Bùi Thị Xuyến | E27: #20328 | F27: ="VN"&RIGHT(E27,5) -> VN20328 | H27: IT@vpic1 | I27: 45415 | L27: =VLOOKUP(E27,DS!$A$2:$E$4398, 5, 0) -> QLSX | N27: =VLOOKUP(Table1[[#This Row],[USER]],[1]!Table145678910111213141545678910111213146[[#All],[No.]:[Delete]],2,0) -> #N/A
A28: 27 | B28: 27 | C28: QLSX 1 一廠生管 | D28: =VLOOKUP(E28,Sheet3!$A$2:$D$6338,2,0) -> Nguyễn Đức Thịnh | E28: #03613 | F28: ="VN"&RIGHT(E28,5) -> VN03613 | H28: IT@vpic1 | I28: 45415 | L28: =VLOOKUP(E28,DS!$A$2:$E$4398, 5, 0) -> QLSX | N28: =VLOOKUP(Table1[[#This Row],[USER]],[1]!Table145678910111213141545678910111213146[[#All],[No.]:[Delete]],2,0) -> #N/A
A29: 28 | B29: 28 | C29: QLSX 1 一廠生管 | D29: =VLOOKUP(E29,Sheet3!$A$2:$D$6338,2,0) -> Nguyễn Duy Tiến | E29: #06908 | F29: ="VN"&RIGHT(E29,5) -> VN06908 | H29: IT@vpic1 | I29: 45415 | L29: =VLOOKUP(E29,DS!$A$2:$E$4398, 5, 0) -> QLSX | N29: =VLOOKUP(Table1[[#This Row],[USER]],[1]!Table145678910111213141545678910111213146[[#All],[No.]:[Delete]],2,0) -> #N/A
A30: 29 | B30: 29 | C30: QLSX 1 一廠生管 | D30: =VLOOKUP(E30,Sheet3!$A$2:$D$6338,2,0) -> Nguyễn Thế Anh Tùng | E30: #19767 | F30: ="VN"&RIGHT(E30,5) -> VN19767 | H30: IT@vpic1 | I30: 45415 | J30: 45839 | K30: 45839 | L30: =VLOOKUP(E30,DS!$A$2:$E$4398, 5, 0) -> #N/A | N30: =VLOOKUP(Table1[[#This Row],[USER]],[1]!Table145678910111213141545678910111213146[[#All],[No.]:[Delete]],2,0) -> #N/A
A31: 30 | B31: 30 | C31: QLK | D31: =VLOOKUP(E31,Sheet3!$A$2:$D$6338,2,0) -> Phạm Quốc Doanh | E31: #12694 | F31: ="VN"&RIGHT(E31,5) -> VN12694 | H31: IT@vpic1 | I31: 45415 | L31: =VLOOKUP(E31,DS!$A$2:$E$4398, 5, 0) -> QLK | N31: =VLOOKUP(Table1[[#This Row],[USER]],[1]!Table145678910111213141545678910111213146[[#All],[No.]:[Delete]],2,0) -> #N/A
A32: 31 | B32: 31 | C32: QLSX 1 一廠生管 | D32: =VLOOKUP(E32,Sheet3!$A$2:$D$6338,2,0) -> Đỗ Mai Thoan | E32: #01232 | F32: ="VN"&RIGHT(E32,5) -> VN01232 | H32: IT@vpic1 | I32: 45415 | L32: =VLOOKUP(E32,DS!$A$2:$E$4398, 5, 0) -> QLSX | N32: =VLOOKUP(Table1[[#This Row],[USER]],[1]!Table145678910111213141545678910111213146[[#All],[No.]:[Delete]],2,0) -> #N/A
A33: 32 | B33: 32 | C33: QLSX 1 一廠生管 | D33: =VLOOKUP(E33,Sheet3!$A$2:$D$6338,2,0) -> Lê Thị Huyền | E33: #10788 | F33: ="VN"&RIGHT(E33,5) -> VN10788 | H33: IT@vpic1 | I33: 45415 | L33: =VLOOKUP(E33,DS!$A$2:$E$4398, 5, 0) -> Thu mua | N33: =VLOOKUP(Table1[[#This Row],[USER]],[1]!Table145678910111213141545678910111213146[[#All],[No.]:[Delete]],2,0) -> #N/A
A34: 33 | B34: 33 | C34: QLSX 1 一廠生管 | D34: =VLOOKUP(E34,Sheet3!$A$2:$D$6338,2,0) -> Phạm Minh Tuấn | E34: #10029 | F34: ="VN"&RIGHT(E34,5) -> VN10029 | H34: IT@vpic1 | I34: 45415 | L34: =VLOOKUP(E34,DS!$A$2:$E$4398, 5, 0) -> QLSX | N34: =VLOOKUP(Table1[[#This Row],[USER]],[1]!Table145678910111213141545678910111213146[[#All],[No.]:[Delete]],2,0) -> #N/A
A35: 34 | B35: 34 | C35: QLSX 1 一廠生管 | D35: =VLOOKUP(E35,Sheet3!$A$2:$D$6338,2,0) -> Nguyễn Thị Lữ | E35: #00767 | F35: ="VN"&RIGHT(E35,5) -> VN00767 | H35: IT@vpic1 | I35: 45415 | L35: =VLOOKUP(E35,DS!$A$2:$E$4398, 5, 0) -> QLSX | N35: =VLOOKUP(Table1[[#This Row],[USER]],[1]!Table145678910111213141545678910111213146[[#All],[No.]:[Delete]],2,0) -> #N/A
A36: 35 | B36: 35 | C36: QLSX 1 一廠生管 | D36: =VLOOKUP(E36,Sheet3!$A$2:$D$6338,2,0) -> Dương Văn Chiến | E36: #11937 | F36: ="VN"&RIGHT(E36,5) -> VN11937 | H36: IT@vpic1 | I36: 45415 | L36: =VLOOKUP(E36,DS!$A$2:$E$4398, 5, 0) -> QLSX | N36: =VLOOKUP(Table1[[#This Row],[USER]],[1]!Table145678910111213141545678910111213146[[#All],[No.]:[Delete]],2,0) -> #N/A
A37: 36 | B37: 36 | C37: Sơn 1 一廠塗裝 | D37: =VLOOKUP(E37,Sheet3!$A$2:$D$6338,2,0) -> Nguyễn Văn Tùng | E37: #24016 | F37: ="VN"&RIGHT(E37,5) -> VN24016 | H37: IT@vpic1 | I37: 45443 | L37: =VLOOKUP(E37,DS!$A$2:$E$4398, 5, 0) -> Sơn X1 | N37: =VLOOKUP(Table1[[#This Row],[USER]],[1]!Table145678910111213141545678910111213146[[#All],[No.]:[Delete]],2,0) -> #N/A
A38: 37 | B38: 37 | C38: QLSX 1 一廠生管 | D38: =VLOOKUP(E38,Sheet3!$A$2:$D$6338,2,0) -> Đỗ Thanh Tùng | E38: #24009 | F38: ="VN"&RIGHT(E38,5) -> VN24009 | H38: IT@vpic1 | I38: 45415 | L38: =VLOOKUP(E38,DS!$A$2:$E$4398, 5, 0) -> QLSX | N38: =VLOOKUP(Table1[[#This Row],[USER]],[1]!Table145678910111213141545678910111213146[[#All],[No.]:[Delete]],2,0) -> #N/A
A39: 38 | B39: 38 | C39: QLSX 1 一廠生管 | D39: =VLOOKUP(E39,Sheet3!$A$2:$D$6338,2,0) -> Nguyễn Duy Hiển | E39: #19909 | F39: ="VN"&RIGHT(E39,5) -> VN19909 | H39: IT@vpic1 | I39: 45415 | L39: =VLOOKUP(E39,DS!$A$2:$E$4398, 5, 0) -> QLSX | N39: =VLOOKUP(Table1[[#This Row],[USER]],[1]!Table145678910111213141545678910111213146[[#All],[No.]:[Delete]],2,0) -> #N/A
A40: 39 | B40: 39 | C40: QLSX 1 一廠生管 | D40: =VLOOKUP(E40,Sheet3!$A$2:$D$6338,2,0) -> Nguyễn Minh Tuân | E40: #02547 | F40: ="VN"&RIGHT(E40,5) -> VN02547 | H40: IT@vpic1 | I40: 45415 | L40: =VLOOKUP(E40,DS!$A$2:$E$4398, 5, 0) -> QLSX | N40: =VLOOKUP(Table1[[#This Row],[USER]],[1]!Table145678910111213141545678910111213146[[#All],[No.]:[Delete]],2,0) -> #N/A
A41: 40 | B41: 40 | C41: QLSX 1 一廠生管 | D41: =VLOOKUP(E41,Sheet3!$A$2:$D$6338,2,0) -> Nguyễn Ngọc Minh | E41: #23921 | F41: ="VN"&RIGHT(E41,5) -> VN23921 | H41: IT@vpic1 | I41: 45415 | J41: 45806 | K41: 45806 | L41: =VLOOKUP(E41,DS!$A$2:$E$4398, 5, 0) -> #N/A | N41: =VLOOKUP(Table1[[#This Row],[USER]],[1]!Table145678910111213141545678910111213146[[#All],[No.]:[Delete]],2,0) -> #N/A
A42: 41 | B42: 41 | C42: QLK | D42: =VLOOKUP(E42,Sheet3!$A$2:$D$6338,2,0) -> Vũ Huy Chung | E42: #00116 | F42: ="VN"&RIGHT(E42,5) -> VN00116 | H42: IT@vpic1 | I42: 45415 | L42: =VLOOKUP(E42,DS!$A$2:$E$4398, 5, 0) -> QLK | N42: =VLOOKUP(Table1[[#This Row],[USER]],[1]!Table145678910111213141545678910111213146[[#All],[No.]:[Delete]],2,0) -> #N/A
A43: 42 | B43: 42 | C43: QLSX 1 一廠生管 | D43: =VLOOKUP(E43,Sheet3!$A$2:$D$6338,2,0) -> Nguyễn Văn Bảy | E43: #00637 | F43: ="VN"&RIGHT(E43,5) -> VN00637 | H43: IT@vpic1 | I43: 45415 | L43: =VLOOKUP(E43,DS!$A$2:$E$4398, 5, 0) -> QLSX | N43: =VLOOKUP(Table1[[#This Row],[USER]],[1]!Table145678910111213141545678910111213146[[#All],[No.]:[Delete]],2,0) -> #N/A
A44: 43 | B44: 43 | C44: QLSX 1 一廠生管 | D44: =VLOOKUP(E44,Sheet3!$A$2:$D$6338,2,0) -> Trần Đức Quang | E44: #00072 | F44: ="VN"&RIGHT(E44,5) -> VN00072 | H44: IT@vpic1 | I44: 45415 | L44: =VLOOKUP(E44,DS!$A$2:$E$4398, 5, 0) -> QLSX | N44: =VLOOKUP(Table1[[#This Row],[USER]],[1]!Table145678910111213141545678910111213146[[#All],[No.]:[Delete]],2,0) -> #N/A
A45: 44 | B45: 44 | C45: QLSX 1 一廠生管 | D45: =VLOOKUP(E45,Sheet3!$A$2:$D$6338,2,0) -> Nguyễn Văn Nam | E45: #08886 | F45: ="VN"&RIGHT(E45,5) -> VN08886 | H45: IT@vpic1 | I45: 45415 | L45: =VLOOKUP(E45,DS!$A$2:$E$4398, 5, 0) -> QLSX | N45: =VLOOKUP(Table1[[#This Row],[USER]],[1]!Table145678910111213141545678910111213146[[#All],[No.]:[Delete]],2,0) -> #N/A
A46: 45 | B46: 45 | C46: QLSX 1 一廠生管 | D46: =VLOOKUP(E46,Sheet3!$A$2:$D$6338,2,0) -> #N/A | E46: QLSX-MEETING | F46: QLSX1.MEET | H46: IT@vpic1 | I46: 45415 | L46: =VLOOKUP(E46,DS!$A$2:$E$4398, 5, 0) -> #N/A | N46: =VLOOKUP(Table1[[#This Row],[USER]],[1]!Table145678910111213141545678910111213146[[#All],[No.]:[Delete]],2,0) -> #N/A
A47: 46 | B47: 46 | C47: QLSX 1 一廠生管 | D47: =VLOOKUP(E47,Sheet3!$A$2:$D$6338,2,0) -> #N/A | E47: BOT.QLSX | F47: BOT.QLSX | H47: IT@vpic1 | I47: 45415 | L47: =VLOOKUP(E47,DS!$A$2:$E$4398, 5, 0) -> #N/A | N47: =VLOOKUP(Table1[[#This Row],[USER]],[1]!Table145678910111213141545678910111213146[[#All],[No.]:[Delete]],2,0) -> #N/A
A48: 47 | B48: 47 | C48: QLSX 1 一廠生管 | D48: =VLOOKUP(E48,Sheet3!$A$2:$D$6338,2,0) -> Nguyễn Quang Huy | E48: #25374 | F48: ="VN"&RIGHT(E48,5) -> VN25374 | H48: IT@vpic1 | I48: 45621 | L48: =VLOOKUP(E48,DS!$A$2:$E$4398, 5, 0) -> QLSX | N48: =VLOOKUP(Table1[[#This Row],[USER]],[1]!Table145678910111213141545678910111213146[[#All],[No.]:[Delete]],2,0) -> #N/A
A49: 48 | B49: 48 | C49: QLSX 1 一廠生管 | D49: =VLOOKUP(E49,Sheet3!$A$2:$D$6338,2,0) -> Nguyễn Thị Soan | E49: #26005 | F49: ="VN"&RIGHT(E49,5) -> VN26005 | H49: IT@vpic1 | I49: 45825 | L49: =VLOOKUP(E49,DS!$A$2:$E$4398, 5, 0) -> QLSX | N49: =VLOOKUP(Table1[[#This Row],[USER]],[1]!Table145678910111213141545678910111213146[[#All],[No.]:[Delete]],2,0) -> #N/A
A50: 49 | C50: QLSX 1 一廠生管 | D50: =VLOOKUP(E50,Sheet3!$A$2:$D$6338,2,0) -> Nguyễn Anh Dũng | E50: #25783 | F50: ="VN"&RIGHT(E50,5) -> VN25783 | H50: IT@vpic1 | I50: 45807 | L50: =VLOOKUP(E50,DS!$A$2:$E$4398, 5, 0) -> QLSX | N50: =VLOOKUP(Table1[[#This Row],[USER]],[1]!Table145678910111213141545678910111213146[[#All],[No.]:[Delete]],2,0) -> #N/A
A51: 50 | C51: QLSX 1 一廠生管 | D51: =VLOOKUP(E51,Sheet3!$A$2:$D$6338,2,0) -> Nguyễn Tuấn Anh | E51: #26025 | F51: ="VN"&RIGHT(E51,5) -> VN26025 | H51: IT@vpic1 | I51: 45839 | L51: =VLOOKUP(E51,DS!$A$2:$E$4398, 5, 0) -> QLSX | N51: =VLOOKUP(Table1[[#This Row],[USER]],[1]!Table145678910111213141545678910111213146[[#All],[No.]:[Delete]],2,0) -> #N/A
A52: 51 | C52: QLSX 1 一廠生管 | D52: =VLOOKUP(E52,Sheet3!$A$2:$D$6338,2,0) -> Nguyễn Quý Trọng | E52: #26309 | F52: ="VN"&RIGHT(E52,5) -> VN26309 | H52: IT@vpic1 | I52: 45933 | L52: =VLOOKUP(E52,DS!$A$2:$E$4398, 5, 0) -> QLSX | N52: =VLOOKUP(Table1[[#This Row],[USER]],[1]!Table145678910111213141545678910111213146[[#All],[No.]:[Delete]],2,0) -> #N/A
A53: 51 | B53: 1 | C53: QC 1 一廠品管 | D53: =VLOOKUP(E53,Sheet3!$A$2:$D$6338,2,0) -> Nguyễn Văn Phương | E53: #00990 | F53: ="VN"&RIGHT(E53,5) -> VN00990 | H53: IT@vpic1 | I53: 45421 | L53: =VLOOKUP(E53,DS!$A$2:$E$4398, 5, 0) -> QC | N53: =VLOOKUP(Table1[[#This Row],[USER]],[1]!Table145678910111213141545678910111213146[[#All],[No.]:[Delete]],2,0) -> #N/A
A54: 52 | B54: 2 | C54: QC 1 一廠品管 | D54: =VLOOKUP(E54,Sheet3!$A$2:$D$6338,2,0) -> Lê Xuân Trường | E54: #01960 | F54: ="VN"&RIGHT(E54,5) -> VN01960 | H54: IT@vpic1 | I54: 45421 | L54: =VLOOKUP(E54,DS!$A$2:$E$4398, 5, 0) -> QC | N54: =VLOOKUP(Table1[[#This Row],[USER]],[1]!Table145678910111213141545678910111213146[[#All],[No.]:[Delete]],2,0) -> #N/A
A55: 53 | B55: 3 | C55: QC 1 一廠品管 | D55: =VLOOKUP(E55,Sheet3!$A$2:$D$6338,2,0) -> Nguyễn Văn Quyền | E55: #11403 | F55: ="VN"&RIGHT(E55,5) -> VN11403 | H55: IT@vpic1 | I55: 45421 | J55: 45806 | K55: 45806 | L55: =VLOOKUP(E55,DS!$A$2:$E$4398, 5, 0) -> #N/A | N55: =VLOOKUP(Table1[[#This Row],[USER]],[1]!Table145678910111213141545678910111213146[[#All],[No.]:[Delete]],2,0) -> #N/A
A56: 54 | B56: 4 | C56: QC 1 一廠品管 | D56: =VLOOKUP(E56,Sheet3!$A$2:$D$6338,2,0) -> Nguyễn Đức Tuấn | E56: #02684 | F56: ="VN"&RIGHT(E56,5) -> VN02684 | H56: IT@vpic1 | I56: 45421 | L56: =VLOOKUP(E56,DS!$A$2:$E$4398, 5, 0) -> QC | N56: =VLOOKUP(Table1[[#This Row],[USER]],[1]!Table145678910111213141545678910111213146[[#All],[No.]:[Delete]],2,0) -> #N/A
A57: 55 | B57: 5 | C57: QC 1 一廠品管 | D57: =VLOOKUP(E57,Sheet3!$A$2:$D$6338,2,0) -> Đào Tuấn Hưng | E57: #00683 | F57: ="VN"&RIGHT(E57,5) -> VN00683 | H57: IT@vpic1 | I57: 45421 | L57: =VLOOKUP(E57,DS!$A$2:$E$4398, 5, 0) -> QC | N57: =VLOOKUP(Table1[[#This Row],[USER]],[1]!Table145678910111213141545678910111213146[[#All],[No.]:[Delete]],2,0) -> #N/A
A58: 56 | B58: 6 | C58: QC 1 一廠品管 | D58: =VLOOKUP(E58,Sheet3!$A$2:$D$6338,2,0) -> Nguyễn Văn Dũng | E58: #00883 | F58: ="VN"&RIGHT(E58,5) -> VN00883 | H58: IT@vpic1 | I58: 45421 | L58: =VLOOKUP(E58,DS!$A$2:$E$4398, 5, 0) -> QC | N58: =VLOOKUP(Table1[[#This Row],[USER]],[1]!Table145678910111213141545678910111213146[[#All],[No.]:[Delete]],2,0) -> #N/A
A59: 57 | B59: 7 | C59: QC 1 一廠品管 | D59: =VLOOKUP(E59,Sheet3!$A$2:$D$6338,2,0) -> Nguyễn Thị Thuý Nga | E59: #01214 | F59: ="VN"&RIGHT(E59,5) -> VN01214 | H59: IT@vpic1 | I59: 45421 | L59: =VLOOKUP(E59,DS!$A$2:$E$4398, 5, 0) -> QC | N59: =VLOOKUP(Table1[[#This Row],[USER]],[1]!Table145678910111213141545678910111213146[[#All],[No.]:[Delete]],2,0) -> #N/A
A60: 58 | B60: 8 | C60: QC 1 一廠品管 | D60: =VLOOKUP(E60,Sheet3!$A$2:$D$6338,2,0) -> Vũ Thị Thanh Tú | E60: #01285 | F60: ="VN"&RIGHT(E60,5) -> VN01285 | H60: IT@vpic1 | I60: 45421 | L60: =VLOOKUP(E60,DS!$A$2:$E$4398, 5, 0) -> QC | N60: =VLOOKUP(Table1[[#This Row],[USER]],[1]!Table145678910111213141545678910111213146[[#All],[No.]:[Delete]],2,0) -> #N/A
A61: 59 | B61: 9 | C61: QC 1 一廠品管 | D61: =VLOOKUP(E61,Sheet3!$A$2:$D$6338,2,0) -> Chu Văn Trường | E61: #11798 | F61: ="VN"&RIGHT(E61,5) -> VN11798 | H61: IT@vpic1 | I61: 45421 | L61: =VLOOKUP(E61,DS!$A$2:$E$4398, 5, 0) -> QC | N61: =VLOOKUP(Table1[[#This Row],[USER]],[1]!Table145678910111213141545678910111213146[[#All],[No.]:[Delete]],2,0) -> #N/A
A62: 60 | B62: 10 | C62: QC 1 一廠品管 | D62: =VLOOKUP(E62,Sheet3!$A$2:$D$6338,2,0) -> Trần Văn Tuân | E62: #13743 | F62: ="VN"&RIGHT(E62,5) -> VN13743 | H62: IT@vpic1 | I62: 45421 | L62: =VLOOKUP(E62,DS!$A$2:$E$4398, 5, 0) -> QC | N62: =VLOOKUP(Table1[[#This Row],[USER]],[1]!Table145678910111213141545678910111213146[[#All],[No.]:[Delete]],2,0) -> #N/A
A63: 61 | B63: 11 | C63: QC 1 一廠品管 | D63: =VLOOKUP(E63,Sheet3!$A$2:$D$6338,2,0) -> Phan Kim Thái | E63: #15940 | F63: ="VN"&RIGHT(E63,5) -> VN15940 | H63: IT@vpic1 | I63: 45421 | L63: =VLOOKUP(E63,DS!$A$2:$E$4398, 5, 0) -> QC | N63: =VLOOKUP(Table1[[#This Row],[USER]],[1]!Table145678910111213141545678910111213146[[#All],[No.]:[Delete]],2,0) -> #N/A
A64: 62 | B64: 12 | C64: QC 1 一廠品管 | D64: =VLOOKUP(E64,Sheet3!$A$2:$D$6338,2,0) -> Chu Thị Hạnh | E64: #12095 | F64: ="VN"&RIGHT(E64,5) -> VN12095 | H64: IT@vpic1 | I64: 45421 | L64: =VLOOKUP(E64,DS!$A$2:$E$4398, 5, 0) -> QC | N64: =VLOOKUP(Table1[[#This Row],[USER]],[1]!Table145678910111213141545678910111213146[[#All],[No.]:[Delete]],2,0) -> #N/A
A65: 63 | B65: 13 | C65: QC 1 一廠品管 | D65: =VLOOKUP(E65,Sheet3!$A$2:$D$6338,2,0) -> Đỗ Thị Kim Thu | E65: #20906 | F65: ="VN"&RIGHT(E65,5) -> VN20906 | H65: IT@vpic1 | I65: 45421 | L65: =VLOOKUP(E65,DS!$A$2:$E$4398, 5, 0) -> QC | N65: =VLOOKUP(Table1[[#This Row],[USER]],[1]!Table145678910111213141545678910111213146[[#All],[No.]:[Delete]],2,0) -> #N/A
A66: 64 | B66: 14 | C66: QC 1 一廠品管 | D66: =VLOOKUP(E66,Sheet3!$A$2:$D$6338,2,0) -> Nguyễn Văn Lân | E66: #09442 | F66: ="VN"&RIGHT(E66,5) -> VN09442 | H66: IT@vpic1 | I66: 45421 | L66: =VLOOKUP(E66,DS!$A$2:$E$4398, 5, 0) -> QC | N66: =VLOOKUP(Table1[[#This Row],[USER]],[1]!Table145678910111213141545678910111213146[[#All],[No.]:[Delete]],2,0) -> #N/A
A67: 65 | B67: 15 | C67: QC 1 一廠品管 | D67: =VLOOKUP(E67,Sheet3!$A$2:$D$6338,2,0) -> Bùi Quang Toàn | E67: #03037 | F67: ="VN"&RIGHT(E67,5) -> VN03037 | H67: IT@vpic1 | I67: 45421 | L67: =VLOOKUP(E67,DS!$A$2:$E$4398, 5, 0) -> QC | N67: =VLOOKUP(Table1[[#This Row],[USER]],[1]!Table145678910111213141545678910111213146[[#All],[No.]:[Delete]],2,0) -> #N/A
... A77: 75 | B77: 26 | C77: QC 1 一廠品管 | D77: =VLOOKUP(E77,Sheet3!$A$2:$D$6338,2,0) -> Nguyễn Văn Hậu | E77: #10188 | F77: ="VN"&RIGHT(E77,5) -> VN10188 | H77: IT@vpic1 | I77: 45574 | L77: =VLOOKUP(E77,DS!$A$2:$E$4398, 5, 0) -> QC | N77: =VLOOKUP(Table1[[#This Row],[USER]],[1]!Table145678910111213141545678910111213146[[#All],[No.]:[Delete]],2,0) -> #N/A
A78: 76 | B78: 27 | C78: QC 1 一廠品管 | D78: =VLOOKUP(E78,Sheet3!$A$2:$D$6338,2,0) -> Bùi Văn Nhã | E78: #24996 | F78: ="VN"&RIGHT(E78,5) -> VN24996 | H78: IT@vpic1 | I78: 45598 | J78: 45950 | K78: 45960 | L78: =VLOOKUP(E78,DS!$A$2:$E$4398, 5, 0) -> QC | N78: =VLOOKUP(Table1[[#This Row],[USER]],[1]!Table145678910111213141545678910111213146[[#All],[No.]:[Delete]],2,0) -> #N/A
A79: 76 | B79: 27 | C79: QC 1 一廠品管 | D79: =VLOOKUP(E79,Sheet3!$A$2:$D$6338,2,0) -> Nguyễn Văn Nguyên | E79: #19779 | F79: ="VN"&RIGHT(E79,5) -> VN19779 | H79: IT@vpic1 | I79: 45486 | L79: =VLOOKUP(E79,DS!$A$2:$E$4398, 5, 0) -> QC | N79: =VLOOKUP(Table1[[#This Row],[USER]],[1]!Table145678910111213141545678910111213146[[#All],[No.]:[Delete]],2,0) -> #N/A
A80: 77 | B80: 1 | C80: Hàn 1 一廠焊接 | D80: =VLOOKUP(E80,Sheet3!$A$2:$D$6338,2,0) -> Nguyễn Thị Vân Anh | E80: #10324 | F80: ="VN"&RIGHT(E80,5) -> VN10324 | H80: IT@vpic1 | I80: 45421 | L80: =VLOOKUP(E80,DS!$A$2:$E$4398, 5, 0) -> Hàn X1 | N80: =VLOOKUP(Table1[[#This Row],[USER]],[1]!Table145678910111213141545678910111213146[[#All],[No.]:[Delete]],2,0) -> #N/A
A81: 78 | B81: 2 | C81: Hàn 1 一廠焊接 | D81: =VLOOKUP(E81,Sheet3!$A$2:$D$6338,2,0) -> Lương Trọng Đoàn | E81: #00138 | F81: ="VN"&RIGHT(E81,5) -> VN00138 | H81: IT@vpic1 | I81: 45421 | L81: =VLOOKUP(E81,DS!$A$2:$E$4398, 5, 0) -> Hàn X1 | N81: =VLOOKUP(Table1[[#This Row],[USER]],[1]!Table145678910111213141545678910111213146[[#All],[No.]:[Delete]],2,0) -> #N/A
A82: 79 | B82: 3 | C82: Hàn 1 一廠焊接 | D82: =VLOOKUP(E82,Sheet3!$A$2:$D$6338,2,0) -> Nguyễn Thị Huyền | E82: #01566 | F82: ="VN"&RIGHT(E82,5) -> VN01566 | H82: IT@vpic1 | I82: 45421 | L82: =VLOOKUP(E82,DS!$A$2:$E$4398, 5, 0) -> Hàn X1 | N82: =VLOOKUP(Table1[[#This Row],[USER]],[1]!Table145678910111213141545678910111213146[[#All],[No.]:[Delete]],2,0) -> #N/A
A83: 80 | B83: 4 | C83: Hàn 1 一廠焊接 | D83: =VLOOKUP(E83,Sheet3!$A$2:$D$6338,2,0) -> Trần Thị Hương | E83: #02322 | F83: ="VN"&RIGHT(E83,5) -> VN02322 | H83: IT@vpic1 | I83: 45421 | L83: =VLOOKUP(E83,DS!$A$2:$E$4398, 5, 0) -> Hàn X1 | N83: =VLOOKUP(Table1[[#This Row],[USER]],[1]!Table145678910111213141545678910111213146[[#All],[No.]:[Delete]],2,0) -> #N/A
A84: 81 | B84: 5 | C84: Hàn 1 一廠焊接 | D84: =VLOOKUP(E84,Sheet3!$A$2:$D$6338,2,0) -> Nguyễn Thị Thìn | E84: #07269 | F84: ="VN"&RIGHT(E84,5) -> VN07269 | H84: IT@vpic1 | I84: 45421 | L84: =VLOOKUP(E84,DS!$A$2:$E$4398, 5, 0) -> Hàn X1 | N84: =VLOOKUP(Table1[[#This Row],[USER]],[1]!Table145678910111213141545678910111213146[[#All],[No.]:[Delete]],2,0) -> #N/A
A85: 82 | B85: 6 | C85: Hàn 1 一廠焊接 | D85: =VLOOKUP(E85,Sheet3!$A$2:$D$6338,2,0) -> Trần Văn Sơn | E85: #00470 | F85: ="VN"&RIGHT(E85,5) -> VN00470 | H85: IT@vpic1 | I85: 45421 | L85: =VLOOKUP(E85,DS!$A$2:$E$4398, 5, 0) -> Hàn X1 | N85: =VLOOKUP(Table1[[#This Row],[USER]],[1]!Table145678910111213141545678910111213146[[#All],[No.]:[Delete]],2,0) -> #N/A
A86: 83 | B86: 7 | C86: Hàn 1 一廠焊接 | D86: =VLOOKUP(E86,Sheet3!$A$2:$D$6338,2,0) -> Vũ Ngọc Quang | E86: #03481 | F86: ="VN"&RIGHT(E86,5) -> VN03481 | H86: IT@vpic1 | I86: 45421 | L86: =VLOOKUP(E86,DS!$A$2:$E$4398, 5, 0) -> Hàn X1 | N86: =VLOOKUP(Table1[[#This Row],[USER]],[1]!Table145678910111213141545678910111213146[[#All],[No.]:[Delete]],2,0) -> #N/A
A87: 84 | B87: 8 | C87: Hàn 1 一廠焊接 | D87: =VLOOKUP(E87,Sheet3!$A$2:$D$6338,2,0) -> Lê Văn Trưởng | E87: #00038 | F87: ="VN"&RIGHT(E87,5) -> VN00038 | H87: IT@vpic1 | I87: 45421 | L87: =VLOOKUP(E87,DS!$A$2:$E$4398, 5, 0) -> Hàn X1 | N87: =VLOOKUP(Table1[[#This Row],[USER]],[1]!Table145678910111213141545678910111213146[[#All],[No.]:[Delete]],2,0) -> #N/A
A88: 85 | B88: 9 | C88: Hàn 1 一廠焊接 | D88: =VLOOKUP(E88,Sheet3!$A$2:$D$6338,2,0) -> Trần Thị Liên | E88: #07228 | F88: ="VN"&RIGHT(E88,5) -> VN07228 | H88: IT@vpic1 | I88: 45421 | L88: =VLOOKUP(E88,DS!$A$2:$E$4398, 5, 0) -> CNC X1 | N88: =VLOOKUP(Table1[[#This Row],[USER]],[1]!Table145678910111213141545678910111213146[[#All],[No.]:[Delete]],2,0) -> #N/A
A89: 86 | B89: 10 | C89: Hàn 1 一廠焊接 | D89: =VLOOKUP(E89,Sheet3!$A$2:$D$6338,2,0) -> Kiều Mạnh Dũng | E89: #00798 | F89: ="VN"&RIGHT(E89,5) -> VN00798 | H89: IT@vpic1 | I89: 45421 | L89: =VLOOKUP(E89,DS!$A$2:$E$4398, 5, 0) -> Hàn X1 | N89: =VLOOKUP(Table1[[#This Row],[USER]],[1]!Table145678910111213141545678910111213146[[#All],[No.]:[Delete]],2,0) -> #N/A
A90: 87 | B90: 11 | C90: Hàn 1 一廠焊接 | D90: =VLOOKUP(E90,Sheet3!$A$2:$D$6338,2,0) -> Đinh Trung Kiên | E90: #00832 | F90: ="VN"&RIGHT(E90,5) -> VN00832 | H90: IT@vpic1 | I90: 45421 | L90: =VLOOKUP(E90,DS!$A$2:$E$4398, 5, 0) -> Hàn X1 | N90: =VLOOKUP(Table1[[#This Row],[USER]],[1]!Table145678910111213141545678910111213146[[#All],[No.]:[Delete]],2,0) -> #N/A
... A98: 94 | B98: 1 | C98: Dập 1 一廠沖壓 | D98: =VLOOKUP(E98,Sheet3!$A$2:$D$6338,2,0) -> Trần Ngọc Mạnh | E98: #07790 | F98: ="VN"&RIGHT(E98,5) -> VN07790 | H98: IT@vpic1 | I98: 45421 | L98: =VLOOKUP(E98,DS!$A$2:$E$4398, 5, 0) -> Dập X1 | N98: =VLOOKUP(Table1[[#This Row],[USER]],[1]!Table145678910111213141545678910111213146[[#All],[No.]:[Delete]],2,0) -> #N/A
A99: 95 | B99: 2 | C99: Dập 1 一廠沖壓 | D99: =VLOOKUP(E99,Sheet3!$A$2:$D$6338,2,0) -> Nguyễn Thị Thanh Hương | E99: #16479 | F99: ="VN"&RIGHT(E99,5) -> VN16479 | H99: IT@vpic1 | I99: 45421 | J99: 45876 | K99: 45876 | L99: =VLOOKUP(E99,DS!$A$2:$E$4398, 5, 0) -> #N/A | N99: =VLOOKUP(Table1[[#This Row],[USER]],[1]!Table145678910111213141545678910111213146[[#All],[No.]:[Delete]],2,0) -> #N/A
A100: 96 | B100: 3 | C100: Dập 1 一廠沖壓 | D100: =VLOOKUP(E100,Sheet3!$A$2:$D$6338,2,0) -> Nguyễn Văn Thiệu | E100: #10988 | F100: ="VN"&RIGHT(E100,5) -> VN10988 | H100: IT@vpic1 | I100: 45421 | J100: 45929 | K100: 45960 | L100: =VLOOKUP(E100,DS!$A$2:$E$4398, 5, 0) -> #N/A | N100: =VLOOKUP(Table1[[#This Row],[USER]],[1]!Table145678910111213141545678910111213146[[#All],[No.]:[Delete]],2,0) -> #N/A
A101: 97 | B101: 4 | C101: Dập 1 一廠沖壓 | D101: =VLOOKUP(E101,Sheet3!$A$2:$D$6338,2,0) -> Đỗ Thị Hoa | E101: #03439 | F101: ="VN"&RIGHT(E101,5) -> VN03439 | H101: IT@vpic1 | I101: 45421 | L101: =VLOOKUP(E101,DS!$A$2:$E$4398, 5, 0) -> Dập X1 | N101: =VLOOKUP(Table1[[#This Row],[USER]],[1]!Table145678910111213141545678910111213146[[#All],[No.]:[Delete]],2,0) -> #N/A
A102: 98 | B102: 5 | C102: Dập 1 一廠沖壓 | D102: =VLOOKUP(E102,Sheet3!$A$2:$D$6338,2,0) -> Trần Thị Thu Thuỷ | E102: #03094 | F102: ="VN"&RIGHT(E102,5) -> VN03094 | H102: IT@vpic1 | I102: 45421 | L102: =VLOOKUP(E102,DS!$A$2:$E$4398, 5, 0) -> Dập X1 | N102: =VLOOKUP(Table1[[#This Row],[USER]],[1]!Table145678910111213141545678910111213146[[#All],[No.]:[Delete]],2,0) -> #N/A
A103: 99 | B103: 6 | C103: Dập 1 一廠沖壓 | D103: =VLOOKUP(E103,Sheet3!$A$2:$D$6338,2,0) -> Đỗ Thị Thanh | E103: #17617 | F103: ="VN"&RIGHT(E103,5) -> VN17617 | H103: IT@vpic1 | I103: 45421 | L103: =VLOOKUP(E103,DS!$A$2:$E$4398, 5, 0) -> Dập X1 | N103: =VLOOKUP(Table1[[#This Row],[USER]],[1]!Table145678910111213141545678910111213146[[#All],[No.]:[Delete]],2,0) -> #N/A
A104: 100 | B104: 7 | C104: Dập 1 一廠沖壓 | D104: =VLOOKUP(E104,Sheet3!$A$2:$D$6338,2,0) -> Tạ Hữu Bằng | E104: #00998 | F104: ="VN"&RIGHT(E104,5) -> VN00998 | H104: IT@vpic1 | I104: 45421 | L104: =VLOOKUP(E104,DS!$A$2:$E$4398, 5, 0) -> Dập X1 | N104: =VLOOKUP(Table1[[#This Row],[USER]],[1]!Table145678910111213141545678910111213146[[#All],[No.]:[Delete]],2,0) -> #N/A
A105: 101 | B105: 8 | C105: Dập 1 一廠沖壓 | D105: =VLOOKUP(E105,Sheet3!$A$2:$D$6338,2,0) -> Dương Văn Tường | E105: #00254 | F105: ="VN"&RIGHT(E105,5) -> VN00254 | H105: IT@vpic1 | I105: 45421 | L105: =VLOOKUP(E105,DS!$A$2:$E$4398, 5, 0) -> Dập X1 | N105: =VLOOKUP(Table1[[#This Row],[USER]],[1]!Table145678910111213141545678910111213146[[#All],[No.]:[Delete]],2,0) -> #N/A
A106: 102 | B106: 9 | C106: Dập 1 一廠沖壓 | D106: =VLOOKUP(E106,Sheet3!$A$2:$D$6338,2,0) -> Bùi Đình Tuyên | E106: #00765 | F106: ="VN"&RIGHT(E106,5) -> VN00765 | H106: IT@vpic1 | I106: 45421 | J106: 45806 | K106: 45806 | L106: =VLOOKUP(E106,DS!$A$2:$E$4398, 5, 0) -> #N/A | N106: =VLOOKUP(Table1[[#This Row],[USER]],[1]!Table145678910111213141545678910111213146[[#All],[No.]:[Delete]],2,0) -> #N/A
A107: 103 | B107: 10 | C107: Dập 1 一廠沖壓 | D107: =VLOOKUP(E107,Sheet3!$A$2:$D$6338,2,0) -> Phan Bá Tước | E107: #00487 | F107: ="VN"&RIGHT(E107,5) -> VN00487 | H107: IT@vpic1 | I107: 45562 | L107: =VLOOKUP(E107,DS!$A$2:$E$4398, 5, 0) -> Dập X1 | N107: =VLOOKUP(Table1[[#This Row],[USER]],[1]!Table145678910111213141545678910111213146[[#All],[No.]:[Delete]],2,0) -> #N/A
A108: 104 | B108: 11 | C108: Dập 1 一廠沖壓 | D108: =VLOOKUP(E108,Sheet3!$A$2:$D$6338,2,0) -> Lương Văn Giang | E108: #00860 | F108: ="VN"&RIGHT(E108,5) -> VN00860 | H108: IT@vpic1 | I108: 45741 | L108: =VLOOKUP(E108,DS!$A$2:$E$4398, 5, 0) -> Dập X1 | N108: =VLOOKUP(Table1[[#This Row],[USER]],[1]!Table145678910111213141545678910111213146[[#All],[No.]:[Delete]],2,0) -> #N/A
A109: 105 | C109: Dập 1 一廠沖壓 | D109: =VLOOKUP(E109,Sheet3!$A$2:$D$6338,2,0) -> Nguyễn Thị Minh Huệ | E109: #06955 | F109: ="VN"&RIGHT(E109,5) -> VN06955 | H109: IT@vpic1 | I109: 45807 | L109: =VLOOKUP(E109,DS!$A$2:$E$4398, 5, 0) -> Dập X1 | N109: =VLOOKUP(Table1[[#This Row],[USER]],[1]!Table145678910111213141545678910111213146[[#All],[No.]:[Delete]],2,0) -> #N/A
A110: 106 | B110: 1 | C110: Sơn 1 一廠塗裝 | D110: =VLOOKUP(E110,Sheet3!$A$2:$D$6338,2,0) -> #N/A | E110: #00862 | F110: ="VN"&RIGHT(E110,5) -> VN00862 | H110: IT@vpic1 | I110: 45421 | J110: 45951 | K110: 45960 | L110: =VLOOKUP(E110,DS!$A$2:$E$4398, 5, 0) -> #N/A | N110: =VLOOKUP(Table1[[#This Row],[USER]],[1]!Table145678910111213141545678910111213146[[#All],[No.]:[Delete]],2,0) -> #N/A
A111: 107 | B111: 2 | C111: Sơn 1 一廠塗裝 | D111: =VLOOKUP(E111,Sheet3!$A$2:$D$6338,2,0) -> Dương Hùng Mạnh | E111: #11553 | F111: ="VN"&RIGHT(E111,5) -> VN11553 | H111: IT@vpic1 | I111: 45421 | L111: =VLOOKUP(E111,DS!$A$2:$E$4398, 5, 0) -> Sơn X1 | N111: =VLOOKUP(Table1[[#This Row],[USER]],[1]!Table145678910111213141545678910111213146[[#All],[No.]:[Delete]],2,0) -> #N/A
A112: 108 | B112: 3 | C112: Sơn 1 一廠塗裝 | D112: =VLOOKUP(E112,Sheet3!$A$2:$D$6338,2,0) -> Nguyễn Thị Trang | E112: #11064 | F112: ="VN"&RIGHT(E112,5) -> VN11064 | H112: IT@vpic1 | I112: 45421 | L112: =VLOOKUP(E112,DS!$A$2:$E$4398, 5, 0) -> Sơn X1 | N112: =VLOOKUP(Table1[[#This Row],[USER]],[1]!Table145678910111213141545678910111213146[[#All],[No.]:[Delete]],2,0) -> #N/A
A113: 109 | B113: 4 | C113: Sơn 1 一廠塗裝 | D113: =VLOOKUP(E113,Sheet3!$A$2:$D$6338,2,0) -> Trần Mạnh Tiến | E113: #09567 | F113: ="VN"&RIGHT(E113,5) -> VN09567 | H113: IT@vpic1 | I113: 45421 | L113: =VLOOKUP(E113,DS!$A$2:$E$4398, 5, 0) -> Sơn X1 | N113: =VLOOKUP(Table1[[#This Row],[USER]],[1]!Table145678910111213141545678910111213146[[#All],[No.]:[Delete]],2,0) -> #N/A
A114: 109 | B114: 4 | C114: Sơn 1 一廠塗裝 | D114: =VLOOKUP(E114,Sheet3!$A$2:$D$6338,2,0) -> Hoàng Văn Hà | E114: #11367 | F114: ="VN"&RIGHT(E114,5) -> VN11367 | H114: IT@vpic1 | I114: 45919 | L114: =VLOOKUP(E114,DS!$A$2:$E$4398, 5, 0) -> Sơn X1 | N114: =VLOOKUP(Table1[[#This Row],[USER]],[1]!Table145678910111213141545678910111213146[[#All],[No.]:[Delete]],2,0) -> #N/A
A115: 110 | B115: 5 | C115: Sơn 1 一廠塗裝 | D115: =VLOOKUP(E115,Sheet3!$A$2:$D$6338,2,0) -> #N/A | E115: SON105-MEETING | F115: SON1.MEET | H115: IT@vpic1 | I115: 45421 | L115: =VLOOKUP(E115,DS!$A$2:$E$4398, 5, 0) -> #N/A | N115: =VLOOKUP(Table1[[#This Row],[USER]],[1]!Table145678910111213141545678910111213146[[#All],[No.]:[Delete]],2,0) -> #N/A
A116: 111 | B116: 6 | C116: Sơn 1 一廠塗裝 | D116: =VLOOKUP(E116,Sheet3!$A$2:$D$6338,2,0) -> Nguyễn Văn Thịnh | E116: #20055 | F116: ="VN"&RIGHT(E116,5) -> VN20055 | H116: IT@vpic1 | I116: 45421 | J116: 45806 | K116: 45806 | L116: =VLOOKUP(E116,DS!$A$2:$E$4398, 5, 0) -> #N/A | N116: =VLOOKUP(Table1[[#This Row],[USER]],[1]!Table145678910111213141545678910111213146[[#All],[No.]:[Delete]],2,0) -> #N/A
...

Sheet Sheet3
A1: *Account | B1: *Name
A2: DL19 | B2: 吳聰武
A3: DL01 | B3: 詹文龍
A4: DL05 | B4: 廖仁成
A5: #00336 | B5: Vũ Thị Nhinh
A6: #00498 | B6: Nguyễn Thị Thêu
A7: #01789 | B7: Ngô Thị Dịu
A8: #02119 | B8: Trần Thị Anh
A9: #08882 | B9: Nguyễn Thị Hường
A10: #18985 | B10: Nguyễn Văn Phúc
A11: #19165 | B11: Chu Thị Thảo
A12: #20364 | B12: Lưu Thị Vượng
... A6338: #25022 | B6338: Nguyễn Viết Việt

Sheet Sheet4
A1: No. | B1: amount | C1: Dep | D1: Name | E1: USER | F1: ID (vpic1.com) | G1: ID (FILESERVER) | H1: Email Local | I1: Tiến độ | J1: Password | K1: Create date | L1: Disable | M1: Delete | N1: Check Dep | O1: Note
A2: 298 | B2: 1 | C2: An toàn - Môi trường 安環室 | D2: Nguyễn Minh Tâm | E2: #01443 | F2: VN01443 | G2: =VLOOKUP(E2,Table145678910111213141545678910111213146[[CODE]:[Email Local]],4,0) -> amt.01443 | H2: =VLOOKUP(E2,Table145678910111213141545678910111213146[[CODE]:[Email Local]],6,0) -> 0 | I2: Hoàn thành | J2: IT@vpic1 | K2: 45404 | N2: ATMT
A3: 299 | B3: 2 | C3: An toàn - Môi trường 安環室 | D3: Bùi Thị Nguyên | E3: #03502 | F3: VN03502 | G3: =VLOOKUP(E3,Table145678910111213141545678910111213146[[CODE]:[Email Local]],4,0) -> amt.03502 | H3: =VLOOKUP(E3,Table145678910111213141545678910111213146[[CODE]:[Email Local]],6,0) -> 0 | I3: Hoàn thành | J3: IT@vpic1 | K3: 45404 | N3: ATMT
A4: 301 | B4: 4 | C4: An toàn - Môi trường 安環室 | D4: #N/A | E4: #16850 | F4: VN16850 | G4: =VLOOKUP(E4,Table145678910111213141545678910111213146[[CODE]:[Email Local]],4,0) -> #N/A | H4: =VLOOKUP(E4,Table145678910111213141545678910111213146[[CODE]:[Email Local]],6,0) -> #N/A | I4: Hoàn thành | J4: IT@vpic1 | K4: 45404 | L4: 45729 | M4: 45729 | N4: #N/A
A5: 302 | B5: 5 | C5: An toàn - Môi trường 安環室 | D5: Nguyễn Văn Kiên | E5: #24122 | F5: VN24122 | G5: =VLOOKUP(E5,Table145678910111213141545678910111213146[[CODE]:[Email Local]],4,0) -> #N/A | H5: =VLOOKUP(E5,Table145678910111213141545678910111213146[[CODE]:[Email Local]],6,0) -> #N/A | I5: Hoàn thành | J5: IT@vpic1 | K5: 45404 | L5: 45806 | M5: 45806 | N5: #N/A
A6: 303 | B6: 6 | C6: An toàn - Môi trường 安環室 | D6: Nguyễn Anh Tuấn | E6: #03618 | F6: VN03618 | G6: =VLOOKUP(E6,Table145678910111213141545678910111213146[[CODE]:[Email Local]],4,0) -> amt.03618 | H6: =VLOOKUP(E6,Table145678910111213141545678910111213146[[CODE]:[Email Local]],6,0) -> 0 | I6: Hoàn thành | J6: IT@vpic1 | K6: 45404 | N6: ATMT
A7: 304 | B7: 7 | C7: An toàn - Môi trường 安環室 | D7: Trần Văn Sơn | E7: #22261 | F7: VN22261 | G7: =VLOOKUP(E7,Table145678910111213141545678910111213146[[CODE]:[Email Local]],4,0) -> amt.22261 | H7: =VLOOKUP(E7,Table145678910111213141545678910111213146[[CODE]:[Email Local]],6,0) -> 0 | I7: Hoàn thành | J7: IT@vpic1 | K7: 45404 | L7: 45432 | M7: 45481 | N7: #N/A
A8: 305 | B8: 8 | C8: An toàn - Môi trường 安環室 | D8: Chu Thanh Sơn | E8: #25127 | F8: VN25127 | G8: =VLOOKUP(E8,Table145678910111213141545678910111213146[[CODE]:[Email Local]],4,0) -> 25127.son | H8: =VLOOKUP(E8,Table145678910111213141545678910111213146[[CODE]:[Email Local]],6,0) -> 0 | I8: Hoàn thành | J8: IT@vpic1 | K8: 45509 | N8: ATMT
A9: 306 | B9: 8 | C9: An toàn - Môi trường 安環室 | D9: Tạ Hải Anh | E9: #25148 | F9: VN25148 | G9: =VLOOKUP(E9,Table145678910111213141545678910111213146[[CODE]:[Email Local]],4,0) -> 25148.anh | H9: =VLOOKUP(E9,Table145678910111213141545678910111213146[[CODE]:[Email Local]],6,0) -> 0 | I9: Hoàn thành | J9: IT@vpic1 | K9: 45807 | N9: ATMT
A10: 307 | B10: 9 | C10: An toàn - Môi trường 安環室 | D10: Nguyễn Huỳnh Đức | E10: #25678 | F10: VN25678 | G10: =VLOOKUP(E10,Table145678910111213141545678910111213146[[CODE]:[Email Local]],4,0) -> 25678.duc | H10: =VLOOKUP(E10,Table145678910111213141545678910111213146[[CODE]:[Email Local]],6,0) -> 0 | I10: Hoàn thành | J10: IT@vpic1 | K10: 45729 | N10: ATMT
A11: 300 | B11: 3 | C11: An toàn - Môi trường 安環室 | D11: Hà Trung Kiên | E11: #15950 | F11: VN15950 | G11: =VLOOKUP(E11,Table145678910111213141545678910111213146[[CODE]:[Email Local]],4,0) -> amt.15950 | H11: =VLOOKUP(E11,Table145678910111213141545678910111213146[[CODE]:[Email Local]],6,0) -> ok | I11: Hoàn thành | J11: IT@vpic1 | K11: 45404 | N11: ATMT
A12: 636 | B12: 1 | C12: Cán ống 製管事業部 | D12: Trần Hữu Hoàn | E12: #15013 | F12: VN15013 | G12: =VLOOKUP(E12,Table145678910111213141545678910111213146[[CODE]:[Email Local]],4,0) -> #N/A | H12: =VLOOKUP(E12,Table145678910111213141545678910111213146[[CODE]:[Email Local]],6,0) -> #N/A | I12: Hoàn thành | J12: IT@vpic1 | K12: 45435 | N12: Cán ống
A13: 133 | B13: 3 | C13: Cắt 3 三 廠素材 | D13: Nguyễn Văn Sơn | E13: #08917 | F13: VN08917 | G13: =VLOOKUP(E13,Table145678910111213141545678910111213146[[CODE]:[Email Local]],4,0) -> 08917.son | H13: =VLOOKUP(E13,Table145678910111213141545678910111213146[[CODE]:[Email Local]],6,0) -> 0 | I13: Hoàn thành | J13: IT@vpic1 | K13: 45432 | N13: Cắt X3
A14: 136 | B14: 5 | C14: Cắt 3 三 廠素材 | D14: Trần Văn Dũng | E14: #15502 | F14: VN15502 | G14: =VLOOKUP(E14,Table145678910111213141545678910111213146[[CODE]:[Email Local]],4,0) -> cat.15502 | H14: =VLOOKUP(E14,Table145678910111213141545678910111213146[[CODE]:[Email Local]],6,0) -> 0 | I14: Hoàn thành | J14: IT@vpic1 | K14: 45432 | L14: 45806 | M14: 45807 | N14: #N/A
A15: 137 | B15: 6 | C15: Cắt 3 三 廠素材 | D15: Nguyễn Thị Phương Thảo | E15: #07839 | F15: VN07839 | G15: =VLOOKUP(E15,Table145678910111213141545678910111213146[[CODE]:[Email Local]],4,0) -> cat.07839 | H15: =VLOOKUP(E15,Table145678910111213141545678910111213146[[CODE]:[Email Local]],6,0) -> 0 | I15: Hoàn thành | J15: IT@vpic1 | K15: 45432 | L15: 45806 | M15: 45807 | N15: #N/A
A16: 139 | B16: 8 | C16: Cắt 3 三 廠素材 | D16: Chu Văn Tư | E16: #07286 | F16: VN07286 | G16: =VLOOKUP(E16,Table145678910111213141545678910111213146[[CODE]:[Email Local]],4,0) -> cat.07286 | H16: =VLOOKUP(E16,Table145678910111213141545678910111213146[[CODE]:[Email Local]],6,0) -> 0 | I16: Hoàn thành | J16: IT@vpic1 | K16: 45432 | N16: Cắt Laser
A17: 132 | B17: 2 | C17: Cắt 3 三 廠素材 | D17: Nguyễn Thị Thuận | E17: #19230 | F17: VN19230 | G17: =VLOOKUP(E17,Table145678910111213141545678910111213146[[CODE]:[Email Local]],4,0) -> cat.19230 | H17: =VLOOKUP(E17,Table145678910111213141545678910111213146[[CODE]:[Email Local]],6,0) -> ok | I17: Hoàn thành | J17: IT@vpic1 | K17: 45432 | N17: Cắt X3
A18: 134 | B18: 4 | C18: Cắt 3 三 廠素材 | D18: Lâm Thị Hiền | E18: #02857 | F18: VN02857 | G18: =VLOOKUP(E18,Table145678910111213141545678910111213146[[CODE]:[Email Local]],4,0) -> cat.02857 | H18: =VLOOKUP(E18,Table145678910111213141545678910111213146[[CODE]:[Email Local]],6,0) -> ok | I18: Hoàn thành | J18: IT@vpic1 | K18: 45432 | N18: Cắt X3
A19: 138 | B19: 7 | C19: Cắt 3 三 廠素材 | D19: Đường Văn Mạnh | E19: #00868 | F19: VN00868 | G19: =VLOOKUP(E19,Table145678910111213141545678910111213146[[CODE]:[Email Local]],4,0) -> cat.00868 | H19: =VLOOKUP(E19,Table145678910111213141545678910111213146[[CODE]:[Email Local]],6,0) -> ok | I19: Hoàn thành | J19: IT@vpic1 | K19: 45432 | N19: Cắt X3
A20: 517 | B20: 1 | C20: Công Vụ 工務 | D20: Vũ Thanh Tùng | E20: #00213 | F20: VN00213 | G20: =VLOOKUP(E20,Table145678910111213141545678910111213146[[CODE]:[Email Local]],4,0) -> #N/A | H20: =VLOOKUP(E20,Table145678910111213141545678910111213146[[CODE]:[Email Local]],6,0) -> #N/A | J20: IT@vpic1 | K20: 45437 | N20: Công vụ
A21: 518 | B21: 2 | C21: Công Vụ 工務 | D21: Vũ Trường Giang | E21: #07948 | F21: VN07948 | G21: =VLOOKUP(E21,Table145678910111213141545678910111213146[[CODE]:[Email Local]],4,0) -> cvu.07948 | H21: =VLOOKUP(E21,Table145678910111213141545678910111213146[[CODE]:[Email Local]],6,0) -> 0 | J21: IT@vpic1 | K21: 45437 | N21: Công vụ
A22: 94 | B22: 1 | C22: Dập 1 一廠沖壓 | D22: Trần Ngọc Mạnh | E22: #07790 | F22: VN07790 | G22: =VLOOKUP(E22,Table145678910111213141545678910111213146[[CODE]:[Email Local]],4,0) -> dap1.07790 | H22: =VLOOKUP(E22,Table145678910111213141545678910111213146[[CODE]:[Email Local]],6,0) -> 0 | J22: IT@vpic1 | K22: 45421 | N22: Dập X1
A23: 95 | B23: 2 | C23: Dập 1 一廠沖壓 | D23: Nguyễn Thị Thanh Hương | E23: #16479 | F23: VN16479 | G23: =VLOOKUP(E23,Table145678910111213141545678910111213146[[CODE]:[Email Local]],4,0) -> #N/A | H23: =VLOOKUP(E23,Table145678910111213141545678910111213146[[CODE]:[Email Local]],6,0) -> #N/A | J23: IT@vpic1 | K23: 45421 | L23: 45876 | M23: 45876 | N23: #N/A
A24: 96 | B24: 3 | C24: Dập 1 一廠沖壓 | D24: Nguyễn Văn Thiệu | E24: #10988 | F24: VN10988 | G24: =VLOOKUP(E24,Table145678910111213141545678910111213146[[CODE]:[Email Local]],4,0) -> #N/A | H24: =VLOOKUP(E24,Table145678910111213141545678910111213146[[CODE]:[Email Local]],6,0) -> #N/A | J24: IT@vpic1 | K24: 45421 | L24: 45929 | M24: 45960 | N24: #N/A
A25: 97 | B25: 4 | C25: Dập 1 一廠沖壓 | D25: Đỗ Thị Hoa | E25: #03439 | F25: VN03439 | G25: =VLOOKUP(E25,Table145678910111213141545678910111213146[[CODE]:[Email Local]],4,0) -> #N/A | H25: =VLOOKUP(E25,Table145678910111213141545678910111213146[[CODE]:[Email Local]],6,0) -> #N/A | J25: IT@vpic1 | K25: 45421 | N25: Dập X1
A26: 99 | B26: 6 | C26: Dập 1 一廠沖壓 | D26: Đỗ Thị Thanh | E26: #17617 | F26: VN17617 | G26: =VLOOKUP(E26,Table145678910111213141545678910111213146[[CODE]:[Email Local]],4,0) -> #N/A | H26: =VLOOKUP(E26,Table145678910111213141545678910111213146[[CODE]:[Email Local]],6,0) -> #N/A | J26: IT@vpic1 | K26: 45421 | N26: Dập X1
A27: 101 | B27: 8 | C27: Dập 1 一廠沖壓 | D27: Dương Văn Tường | E27: #00254 | F27: VN00254 | G27: =VLOOKUP(E27,Table145678910111213141545678910111213146[[CODE]:[Email Local]],4,0) -> dap1.00254 | H27: =VLOOKUP(E27,Table145678910111213141545678910111213146[[CODE]:[Email Local]],6,0) -> 0 | J27: IT@vpic1 | K27: 45421 | N27: Dập X1
A28: 102 | B28: 9 | C28: Dập 1 一廠沖壓 | D28: Bùi Đình Tuyên | E28: #00765 | F28: VN00765 | G28: =VLOOKUP(E28,Table145678910111213141545678910111213146[[CODE]:[Email Local]],4,0) -> #N/A | H28: =VLOOKUP(E28,Table145678910111213141545678910111213146[[CODE]:[Email Local]],6,0) -> #N/A | J28: IT@vpic1 | K28: 45421 | L28: 45806 | M28: 45806 | N28: #N/A
A29: 103 | B29: 10 | C29: Dập 1 一廠沖壓 | D29: Phan Bá Tước | E29: #00487 | F29: VN00487 | G29: =VLOOKUP(E29,Table145678910111213141545678910111213146[[CODE]:[Email Local]],4,0) -> #N/A | H29: =VLOOKUP(E29,Table145678910111213141545678910111213146[[CODE]:[Email Local]],6,0) -> #N/A | J29: IT@vpic1 | K29: 45562 | N29: Dập X1
A30: 104 | B30: 11 | C30: Dập 1 一廠沖壓 | D30: Lương Văn Giang | E30: #00860 | F30: VN00860 | G30: =VLOOKUP(E30,Table145678910111213141545678910111213146[[CODE]:[Email Local]],4,0) -> #N/A | H30: =VLOOKUP(E30,Table145678910111213141545678910111213146[[CODE]:[Email Local]],6,0) -> #N/A | J30: IT@vpic1 | K30: 45741 | N30: Dập X1
A31: 105 | C31: Dập 1 一廠沖壓 | D31: Nguyễn Thị Minh Huệ | E31: #06955 | F31: VN06955 | G31: =VLOOKUP(E31,Table145678910111213141545678910111213146[[CODE]:[Email Local]],4,0) -> #N/A | H31: =VLOOKUP(E31,Table145678910111213141545678910111213146[[CODE]:[Email Local]],6,0) -> #N/A | J31: IT@vpic1 | K31: 45807 | N31: Dập X1
A32: 772 | C32: Dập 1 一廠沖壓 | D32: Đào Văn Thanh | E32: #03965 | F32: VN03965 | G32: =VLOOKUP(E32,Table145678910111213141545678910111213146[[CODE]:[Email Local]],4,0) -> #N/A | H32: =VLOOKUP(E32,Table145678910111213141545678910111213146[[CODE]:[Email Local]],6,0) -> #N/A | J32: IT@vpic1 | K32: "02-01-2026 | N32: Dập X1
A33: 98 | B33: 5 | C33: Dập 1 一廠沖壓 | D33: Trần Thị Thu Thuỷ | E33: #03094 | F33: VN03094 | G33: =VLOOKUP(E33,Table145678910111213141545678910111213146[[CODE]:[Email Local]],4,0) -> dap1.03094 | H33: =VLOOKUP(E33,Table145678910111213141545678910111213146[[CODE]:[Email Local]],6,0) -> ok | J33: IT@vpic1 | K33: 45421 | N33: Dập X1
A34: 100 | B34: 7 | C34: Dập 1 一廠沖壓 | D34: Tạ Hữu Bằng | E34: #00998 | F34: VN00998 | G34: =VLOOKUP(E34,Table145678910111213141545678910111213146[[CODE]:[Email Local]],4,0) -> 00998.bang | H34: =VLOOKUP(E34,Table145678910111213141545678910111213146[[CODE]:[Email Local]],6,0) -> ok | J34: IT@vpic1 | K34: 45421 | N34: Dập X1
A35: 140 | B35: 1 | C35: Dập 3 三廠沖壓 | D35: Hà Thị Thu Hà | E35: #21906 | F35: VN21906 | G35: =VLOOKUP(E35,Table145678910111213141545678910111213146[[CODE]:[Email Local]],4,0) -> #N/A | H35: =VLOOKUP(E35,Table145678910111213141545678910111213146[[CODE]:[Email Local]],6,0) -> #N/A | J35: IT@vpic1 | K35: 45432 | L35: 45929 | M35: 45929 | N35: #N/A
A36: 143 | B36: 4 | C36: Dập 3 三廠沖壓 | D36: Nguyễn Thị Phượng | E36: #09866 | F36: VN09866 | G36: =VLOOKUP(E36,Table145678910111213141545678910111213146[[CODE]:[Email Local]],4,0) -> dap3.9866 | H36: =VLOOKUP(E36,Table145678910111213141545678910111213146[[CODE]:[Email Local]],6,0) -> 0 | J36: IT@vpic1 | K36: 45432 | N36: Dập X3
A37: 144 | B37: 5 | C37: Dập 3 三廠沖壓 | D37: Nguyễn Thị Liêm | E37: #10367 | F37: VN10367 | G37: =VLOOKUP(E37,Table145678910111213141545678910111213146[[CODE]:[Email Local]],4,0) -> dap3.10367 | H37: =VLOOKUP(E37,Table145678910111213141545678910111213146[[CODE]:[Email Local]],6,0) -> 0 | J37: IT@vpic1 | K37: 45432 | N37: Dập X3
A38: 145 | B38: 6 | C38: Dập 3 三廠沖壓 | D38: Nguyễn Thị Kim Thoa | E38: #17741 | F38: VN17741 | G38: =VLOOKUP(E38,Table145678910111213141545678910111213146[[CODE]:[Email Local]],4,0) -> #N/A | H38: =VLOOKUP(E38,Table145678910111213141545678910111213146[[CODE]:[Email Local]],6,0) -> #N/A | J38: IT@vpic1 | K38: 45432 | N38: Dập X3
A39: 146 | B39: 7 | C39: Dập 3 三廠沖壓 | D39: Dương Đức Thắng | E39: #00677 | F39: VN00677 | G39: =VLOOKUP(E39,Table145678910111213141545678910111213146[[CODE]:[Email Local]],4,0) -> dap3.0677 | H39: =VLOOKUP(E39,Table145678910111213141545678910111213146[[CODE]:[Email Local]],6,0) -> 0 | J39: IT@vpic1 | K39: 45432 | N39: Dập X3
A40: 148 | C40: Dập 3 三廠沖壓 | D40: Nguyễn Trọng Hải Anh | E40: #26001 | F40: VN26001 | G40: =VLOOKUP(E40,Table145678910111213141545678910111213146[[CODE]:[Email Local]],4,0) -> #N/A | H40: =VLOOKUP(E40,Table145678910111213141545678910111213146[[CODE]:[Email Local]],6,0) -> #N/A | J40: IT@vpic1 | K40: 45839 | N40: Lắp ráp
A41: 149 | C41: Dập 3 三廠沖壓 | D41: Vũ Mạnh Hùng | E41: #03229 | F41: VN03229 | G41: =VLOOKUP(E41,Table145678910111213141545678910111213146[[CODE]:[Email Local]],4,0) -> #N/A | H41: =VLOOKUP(E41,Table145678910111213141545678910111213146[[CODE]:[Email Local]],6,0) -> #N/A | J41: IT@vpic1 | K41: 45882 | N41: Dập X3
A42: 141 | B42: 2 | C42: Dập 3 三廠沖壓 | D42: Trần Thị Thu Hằng | E42: #10368 | F42: VN10368 | G42: =VLOOKUP(E42,Table145678910111213141545678910111213146[[CODE]:[Email Local]],4,0) -> 10368.hang | H42: =VLOOKUP(E42,Table145678910111213141545678910111213146[[CODE]:[Email Local]],6,0) -> ok | J42: IT@vpic1 | K42: 45432 | N42: Dập X3
A43: 147 | B43: 8 | C43: Dập 3 三廠沖壓 | D43: Vũ Văn Thành | E43: #00172 | F43: VN00172 | G43: =VLOOKUP(E43,Table145678910111213141545678910111213146[[CODE]:[Email Local]],4,0) -> vuthanh | H43: =VLOOKUP(E43,Table145678910111213141545678910111213146[[CODE]:[Email Local]],6,0) -> ok | J43: IT@vpic1 | K43: 45399 | N43: Dập X3
A44: 491 | B44: 2 | C44: Dập 4 四廠沖壓 | D44: Lưu Văn Sơn | E44: #01413 | F44: VN01413 | G44: =VLOOKUP(E44,Table145678910111213141545678910111213146[[CODE]:[Email Local]],4,0) -> han4.1413 | H44: =VLOOKUP(E44,Table145678910111213141545678910111213146[[CODE]:[Email Local]],6,0) -> 0 | J44: IT@vpic1 | K44: 45437 | N44: Dập X4
A45: 492 | B45: 3 | C45: Dập 4 四廠沖壓 | D45: Dương Thị Hương | E45: #10636 | F45: VN10636 | G45: =VLOOKUP(E45,Table145678910111213141545678910111213146[[CODE]:[Email Local]],4,0) -> dap5.10636 | H45: =VLOOKUP(E45,Table145678910111213141545678910111213146[[CODE]:[Email Local]],6,0) -> 0 | J45: IT@vpic1 | K45: 45437 | N45: Dập X4
A46: 493 | B46: 4 | C46: Dập 4 四廠沖壓 | D46: Nguyễn Thị Soan | E46: #15705 | F46: VN15705 | G46: =VLOOKUP(E46,Table145678910111213141545678910111213146[[CODE]:[Email Local]],4,0) -> 15705.soan | H46: =VLOOKUP(E46,Table145678910111213141545678910111213146[[CODE]:[Email Local]],6,0) -> 0 | J46: IT@vpic1 | K46: 45437 | L46: 45806 | M46: 45806 | N46: #N/A
A47: 494 | B47: 5 | C47: Dập 4 四廠沖壓 | D47: DAP407-MEETING | E47: DAP407-MEETING | F47: DAP4.MEET | G47: =VLOOKUP(E47,Table145678910111213141545678910111213146[[CODE]:[Email Local]],4,0) -> #N/A | H47: =VLOOKUP(E47,Table145678910111213141545678910111213146[[CODE]:[Email Local]],6,0) -> #N/A | J47: IT@vpic1 | K47: 45437 | N47: #N/A
A48: 495 | B48: 6 | C48: Dập 4 四廠沖壓 | D48: Nguyễn Thị Thu Hà | E48: #10595 | F48: VN10595 | G48: =VLOOKUP(E48,Table145678910111213141545678910111213146[[CODE]:[Email Local]],4,0) -> dap1.10595 | H48: =VLOOKUP(E48,Table145678910111213141545678910111213146[[CODE]:[Email Local]],6,0) -> 0 | J48: IT@vpic1 | K48: 45437 | N48: Dập X4
A49: 496 | B49: 7 | C49: Dập 4 四廠沖壓 | D49: Phan Thị Loan | E49: #16434 | F49: VN16434 | G49: =VLOOKUP(E49,Table145678910111213141545678910111213146[[CODE]:[Email Local]],4,0) -> #N/A | H49: =VLOOKUP(E49,Table145678910111213141545678910111213146[[CODE]:[Email Local]],6,0) -> #N/A | J49: IT@vpic1 | K49: 45434 | N49: Dập X4
A50: 498 | B50: 9 | C50: Dập 4 四廠沖壓 | D50: Dương Thị Thu Nga | E50: #11901 | F50: VN11901 | G50: =VLOOKUP(E50,Table145678910111213141545678910111213146[[CODE]:[Email Local]],4,0) -> dap5.11901 | H50: =VLOOKUP(E50,Table145678910111213141545678910111213146[[CODE]:[Email Local]],6,0) -> 0 | J50: IT@vpic1 | K50: 45437 | N50: Dập X4
A51: 499 | B51: 10 | C51: Dập 4 四廠沖壓 | D51: Hoàng Văn Toán | E51: #04708 | F51: VN04708 | G51: =VLOOKUP(E51,Table145678910111213141545678910111213146[[CODE]:[Email Local]],4,0) -> #N/A | H51: =VLOOKUP(E51,Table145678910111213141545678910111213146[[CODE]:[Email Local]],6,0) -> #N/A | J51: IT@vpic1 | K51: 45437 | L51: 45919 | M51: 45919 | N51: #N/A
A52: 500 | B52: 11 | C52: Dập 4 四廠沖壓 | D52: Nguyễn Thị Huyền | E52: #08352 | F52: VN08352 | G52: =VLOOKUP(E52,Table145678910111213141545678910111213146[[CODE]:[Email Local]],4,0) -> #N/A | H52: =VLOOKUP(E52,Table145678910111213141545678910111213146[[CODE]:[Email Local]],6,0) -> #N/A | J52: IT@vpic1 | K52: 45469 | N52: Dập X4
A53: 501 | B53: 12 | C53: Dập 4 四廠沖壓 | D53: Bùi Thị Hồng Hoài | E53: #04365 | F53: VN04365 | G53: =VLOOKUP(E53,Table145678910111213141545678910111213146[[CODE]:[Email Local]],4,0) -> #N/A | H53: =VLOOKUP(E53,Table145678910111213141545678910111213146[[CODE]:[Email Local]],6,0) -> #N/A | J53: IT@vpic1 | K53: 45736 | N53: Dập X4
A54: 502 | B54: 13 | C54: Dập 4 四廠沖壓 | D54: Hoàng Thị Chung | E54: #25918 | F54: VN25918 | G54: =VLOOKUP(E54,Table145678910111213141545678910111213146[[CODE]:[Email Local]],4,0) -> #N/A | H54: =VLOOKUP(E54,Table145678910111213141545678910111213146[[CODE]:[Email Local]],6,0) -> #N/A | J54: IT@vpic1 | K54: 45811 | N54: Dập X4
A55: 503 | B55: 14 | C55: Dập 4 四廠沖壓 | D55: Đào Thị Giang | E55: #10199 | F55: VN10199 | G55: =VLOOKUP(E55,Table145678910111213141545678910111213146[[CODE]:[Email Local]],4,0) -> han4.10199 | H55: =VLOOKUP(E55,Table145678910111213141545678910111213146[[CODE]:[Email Local]],6,0) -> 0 | J55: IT@vpic1 | K55: 45813 | N55: Dập X4
A56: 663 | B56: 2 | C56: Dập 4 四廠沖壓 | D56: Đinh Thị Thuý Hồng | E56: #05225 | F56: VN05225 | G56: =VLOOKUP(E56,Table145678910111213141545678910111213146[[CODE]:[Email Local]],4,0) -> dap5.05225 | H56: =VLOOKUP(E56,Table145678910111213141545678910111213146[[CODE]:[Email Local]],6,0) -> 0 | J56: IT@vpic1 | K56: 45435 | N56: Dập X1
A57: 770 | C57: Dập 4 四廠沖壓 | D57: Kim Thị Dung | E57: #26071 | F57: VN26071 | G57: =VLOOKUP(E57,Table145678910111213141545678910111213146[[CODE]:[Email Local]],4,0) -> #N/A | H57: =VLOOKUP(E57,Table145678910111213141545678910111213146[[CODE]:[Email Local]],6,0) -> #N/A | J57: Vpic1@2025 | K57: 45889 | N57: Dập X4
A58: 490 | B58: 1 | C58: Dập 4 四廠沖壓 | D58: Phạm Thị Hằng | E58: #15704 | F58: VN15704 | G58: =VLOOKUP(E58,Table145678910111213141545678910111213146[[CODE]:[Email Local]],4,0) -> dap4.15704 | H58: =VLOOKUP(E58,Table145678910111213141545678910111213146[[CODE]:[Email Local]],6,0) -> ok | J58: IT@vpic1 | K58: 45437 | N58: Dập X4
A59: 497 | B59: 8 | C59: Dập 4 四廠沖壓 | D59: Hoàng Thị Chung | E59: #12014 | F59: VN12014 | G59: =VLOOKUP(E59,Table145678910111213141545678910111213146[[CODE]:[Email Local]],4,0) -> dap4.12014 | H59: =VLOOKUP(E59,Table145678910111213141545678910111213146[[CODE]:[Email Local]],6,0) -> ok | J59: IT@vpic1 | K59: 45437 | L59: 45806 | M59: 45806 | N59: #N/A
A60: 665 | B60: 4 | C60: Dập 4 四廠沖壓 | D60: Phạm Thị Huệ | E60: #02696 | F60: VN02696 | G60: =VLOOKUP(E60,Table145678910111213141545678910111213146[[CODE]:[Email Local]],4,0) -> dap5.02696 | H60: =VLOOKUP(E60,Table145678910111213141545678910111213146[[CODE]:[Email Local]],6,0) -> ok | J60: IT@vpic1 | K60: 45435 | N60: Dập X4
A61: 664 | B61: 3 | C61: Dập 5 五廠沖壓 | D61: Lương Thị Thanh Tâm | E61: #07195 | F61: VN07195 | G61: =VLOOKUP(E61,Table145678910111213141545678910111213146[[CODE]:[Email Local]],4,0) -> dap5.07195 | H61: =VLOOKUP(E61,Table145678910111213141545678910111213146[[CODE]:[Email Local]],6,0) -> 0 | J61: IT@vpic1 | K61: 45428 | N61: Dập X5
A62: 666 | B62: 5 | C62: Dập 5 五廠沖壓 | D62: Phan Văn Toàn | E62: #02413 | F62: VN02413 | G62: =VLOOKUP(E62,Table145678910111213141545678910111213146[[CODE]:[Email Local]],4,0) -> dap5.02413 | H62: =VLOOKUP(E62,Table145678910111213141545678910111213146[[CODE]:[Email Local]],6,0) -> 0 | J62: IT@vpic1 | K62: 45435 | N62: Dập X5
A63: 667 | B63: 6 | C63: Dập 5 五廠沖壓 | D63: Nguyễn Thị Ninh Nhâm | E63: #15388 | F63: VN15388 | G63: =VLOOKUP(E63,Table145678910111213141545678910111213146[[CODE]:[Email Local]],4,0) -> dap5.15388 | H63: =VLOOKUP(E63,Table145678910111213141545678910111213146[[CODE]:[Email Local]],6,0) -> 0 | J63: IT@vpic1 | K63: 45435 | N63: Dập X5
A64: 668 | B64: 7 | C64: Dập 5 五廠沖壓 | D64: Lê Thị Thanh Thuý | E64: #01874 | F64: VN01874 | G64: =VLOOKUP(E64,Table145678910111213141545678910111213146[[CODE]:[Email Local]],4,0) -> #N/A | H64: =VLOOKUP(E64,Table145678910111213141545678910111213146[[CODE]:[Email Local]],6,0) -> #N/A | J64: IT@vpic1 | K64: 45435 | N64: Dập X5
A65: 669 | B65: 8 | C65: Dập 5 五廠沖壓 | D65: #N/A | E65: #01267 | F65: VN01267 | G65: =VLOOKUP(E65,Table145678910111213141545678910111213146[[CODE]:[Email Local]],4,0) -> #N/A | H65: =VLOOKUP(E65,Table145678910111213141545678910111213146[[CODE]:[Email Local]],6,0) -> #N/A | J65: IT@vpic1 | K65: 45435 | L65: 45464 | M65: 45464 | N65: #N/A
A66: 670 | B66: 9 | C66: Dập 5 五廠沖壓 | D66: DAP5-MEETING | E66: DAP5-MEETING | F66: DAP5.MEET | G66: =VLOOKUP(E66,Table145678910111213141545678910111213146[[CODE]:[Email Local]],4,0) -> #N/A | H66: =VLOOKUP(E66,Table145678910111213141545678910111213146[[CODE]:[Email Local]],6,0) -> #N/A | J66: IT@vpic1 | K66: 45435 | N66: #N/A
A67: 671 | B67: 10 | C67: Dập 5 五廠沖壓 | D67: Phùng Thị Nga | E67: #10828 | F67: VN10828 | G67: =VLOOKUP(E67,Table145678910111213141545678910111213146[[CODE]:[Email Local]],4,0) -> #N/A | H67: =VLOOKUP(E67,Table145678910111213141545678910111213146[[CODE]:[Email Local]],6,0) -> #N/A | J67: IT@vpic1 | K67: 45435 | N67: Dập X5
A68: 672 | B68: 11 | C68: Dập 5 五廠沖壓 | D68: Văn Khắc Tùng | E68: #08561 | F68: VN08561 | G68: =VLOOKUP(E68,Table145678910111213141545678910111213146[[CODE]:[Email Local]],4,0) -> dap5.08561 | H68: =VLOOKUP(E68,Table145678910111213141545678910111213146[[CODE]:[Email Local]],6,0) -> 0 | J68: IT@vpic1 | K68: 45435 | N68: Dập X5
A69: 675 | B69: 14 | C69: Dập 5 五廠沖壓 | D69: Phạm Thị Lan Anh | E69: #14920 | F69: VN14920 | G69: =VLOOKUP(E69,Table145678910111213141545678910111213146[[CODE]:[Email Local]],4,0) -> #N/A | H69: =VLOOKUP(E69,Table145678910111213141545678910111213146[[CODE]:[Email Local]],6,0) -> #N/A | J69: IT@vpic1 | K69: 45463 | N69: Dập X5
A70: 676 | B70: 15 | C70: Dập 5 五廠沖壓 | D70: Dương Đức Kiểm | E70: #10034 | F70: VN10034 | G70: =VLOOKUP(E70,Table145678910111213141545678910111213146[[CODE]:[Email Local]],4,0) -> #N/A | H70: =VLOOKUP(E70,Table145678910111213141545678910111213146[[CODE]:[Email Local]],6,0) -> #N/A | J70: IT@vpic1 | K70: 45755 | N70: Dập X5
A71: 677 | B71: 16 | C71: Dập 5 五廠沖壓 | D71: Nguyễn Tiến Dũng | E71: #00279 | F71: VN00279 | G71: =VLOOKUP(E71,Table145678910111213141545678910111213146[[CODE]:[Email Local]],4,0) -> dap5.00279 | H71: =VLOOKUP(E71,Table145678910111213141545678910111213146[[CODE]:[Email Local]],6,0) -> 0 | J71: IT@vpic1 | K71: 45421 | N71: Dập X5
A72: 662 | B72: 1 | C72: Dập 5 五廠沖壓 | D72: Dương Thị Như Quỳnh | E72: #14798 | F72: VN14798 | G72: =VLOOKUP(E72,Table145678910111213141545678910111213146[[CODE]:[Email Local]],4,0) -> dap5.14798 | H72: =VLOOKUP(E72,Table145678910111213141545678910111213146[[CODE]:[Email Local]],6,0) -> ok | J72: IT@vpic1 | K72: 45435 | N72: Dập X5
A73: 673 | B73: 12 | C73: Dập 5 五廠沖壓 | D73: Phùng Thị Ngọc | E73: #11364 | F73: VN11364 | G73: =VLOOKUP(E73,Table145678910111213141545678910111213146[[CODE]:[Email Local]],4,0) -> dap5.11364 | H73: =VLOOKUP(E73,Table145678910111213141545678910111213146[[CODE]:[Email Local]],6,0) -> ok | J73: IT@vpic1 | K73: 45435 | N73: Dập X5
A74: 674 | B74: 13 | C74: Dập 5 五廠沖壓 | D74: Dương Đức Kiên | E74: #00576 | F74: VN00576 | G74: =VLOOKUP(E74,Table145678910111213141545678910111213146[[CODE]:[Email Local]],4,0) -> 00576.kien | H74: =VLOOKUP(E74,Table145678910111213141545678910111213146[[CODE]:[Email Local]],6,0) -> ok | J74: IT@vpic1 | K74: 45435 | N74: Dập X4
A75: 766 | C75: Dập 5 五廠沖壓 | D75: Phùng Thị Thúy Hạnh | E75: #26041 | F75: VN26041 | G75: =VLOOKUP(E75,Table145678910111213141545678910111213146[[CODE]:[Email Local]],4,0) -> 26041.hanh | H75: =VLOOKUP(E75,Table145678910111213141545678910111213146[[CODE]:[Email Local]],6,0) -> ok | J75: IT@vpic1 | K75: 45821 | N75: Dập X5
A76: 716 | B76: 1 | C76: Dập 6 六廠沖壓 | D76: X6-MEETING | E76: X6-MEETING | F76: X6.MEET | G76: =VLOOKUP(E76,Table145678910111213141545678910111213146[[CODE]:[Email Local]],4,0) -> #N/A | H76: =VLOOKUP(E76,Table145678910111213141545678910111213146[[CODE]:[Email Local]],6,0) -> #N/A | J76: IT@vpic1 | K76: 45399 | N76: #N/A
A77: 717 | B77: 3 | C77: Dập 6 六廠沖壓 | D77: Nguyễn Thị Thanh Thảo | E77: #18660 | F77: VN18660 | G77: =VLOOKUP(E77,Table145678910111213141545678910111213146[[CODE]:[Email Local]],4,0) -> #N/A | H77: =VLOOKUP(E77,Table145678910111213141545678910111213146[[CODE]:[Email Local]],6,0) -> #N/A | J77: IT@vpic1 | K77: 45399 | L77: 45481 | M77: 45481 | N77: #N/A
A78: 720 | B78: 6 | C78: Dập 6 六廠沖壓 | D78: Nguyễn Thị Hiền | E78: #21313 | F78: VN21313 | G78: =VLOOKUP(E78,Table145678910111213141545678910111213146[[CODE]:[Email Local]],4,0) -> dap6.21313 | H78: =VLOOKUP(E78,Table145678910111213141545678910111213146[[CODE]:[Email Local]],6,0) -> 0 | J78: IT@vpic1 | K78: 45399 | N78: Dập X6
A79: 722 | B79: 8 | C79: Dập 6 六廠沖壓 | D79: Phan Thị Vân | E79: #21314 | F79: VN21314 | G79: =VLOOKUP(E79,Table145678910111213141545678910111213146[[CODE]:[Email Local]],4,0) -> 21314.van | H79: =VLOOKUP(E79,Table145678910111213141545678910111213146[[CODE]:[Email Local]],6,0) -> 0 | J79: IT@vpic1 | K79: 45399 | N79: Dập X6
A80: 723 | B80: 9 | C80: Dập 6 六廠沖壓 | D80: Đường Thị Hoà | E80: #01909 | F80: VN01909 | G80: =VLOOKUP(E80,Table145678910111213141545678910111213146[[CODE]:[Email Local]],4,0) -> dap6.01909 | H80: =VLOOKUP(E80,Table145678910111213141545678910111213146[[CODE]:[Email Local]],6,0) -> 0 | J80: IT@vpic1 | K80: 45399 | N80: Cắt X6
A81: 726 | B81: 12 | C81: Dập 6 六廠沖壓 | D81: Đỗ Văn Tuấn | E81: #19951 | F81: VN19951 | G81: =VLOOKUP(E81,Table145678910111213141545678910111213146[[CODE]:[Email Local]],4,0) -> dap6.19951 | H81: =VLOOKUP(E81,Table145678910111213141545678910111213146[[CODE]:[Email Local]],6,0) -> 0 | J81: IT@vpic1 | K81: 45399 | L81: 45950 | N81: Cắt X6
A82: 727 | B82: 13 | C82: Dập 6 六廠沖壓 | D82: Trần Văn Đức | E82: #20612 | F82: VN20612 | G82: =VLOOKUP(E82,Table145678910111213141545678910111213146[[CODE]:[Email Local]],4,0) -> dap6.20612 | H82: =VLOOKUP(E82,Table145678910111213141545678910111213146[[CODE]:[Email Local]],6,0) -> 0 | J82: IT@vpic1 | K82: 45399 | N82: Cắt X6
A83: 729 | B83: 15 | C83: Dập 6 六廠沖壓 | D83: Ngô Thị Kim Dung | E83: #24002 | F83: VN24002 | G83: =VLOOKUP(E83,Table145678910111213141545678910111213146[[CODE]:[Email Local]],4,0) -> #N/A | H83: =VLOOKUP(E83,Table145678910111213141545678910111213146[[CODE]:[Email Local]],6,0) -> #N/A | J83: IT@vpic1 | K83: 45665 | N83: Dập X6
A84: 730 | C84: Dập 6 六廠沖壓 | D84: Nguyễn Thị Kim Phượng | E84: #26166 | F84: VN26166 | G84: =VLOOKUP(E84,Table145678910111213141545678910111213146[[CODE]:[Email Local]],4,0) -> #N/A | H84: =VLOOKUP(E84,Table145678910111213141545678910111213146[[CODE]:[Email Local]],6,0) -> #N/A | J84: IT@vpic1 | K84: 45887 | N84: Dập X6
A85: 718 | B85: 4 | C85: Dập 6 六廠沖壓 | D85: Hoàng Thị Mơ | E85: #20599 | F85: VN20599 | G85: =VLOOKUP(E85,Table145678910111213141545678910111213146[[CODE]:[Email Local]],4,0) -> dap6.20599 | H85: =VLOOKUP(E85,Table145678910111213141545678910111213146[[CODE]:[Email Local]],6,0) -> ok | J85: IT@vpic1 | K85: 45399 | N85: Dập X6
A86: 719 | B86: 5 | C86: Dập 6 六廠沖壓 | D86: Bùi Thị Bình | E86: #24508 | F86: VN24508 | G86: =VLOOKUP(E86,Table145678910111213141545678910111213146[[CODE]:[Email Local]],4,0) -> 24508.binh | H86: =VLOOKUP(E86,Table145678910111213141545678910111213146[[CODE]:[Email Local]],6,0) -> ok | J86: IT@vpic1 | K86: 45399 | L86: 45792 | M86: 45792 | N86: #N/A
A87: 721 | B87: 7 | C87: Dập 6 六廠沖壓 | D87: Trần Thị Duyên | E87: #21137 | F87: VN21137 | G87: =VLOOKUP(E87,Table145678910111213141545678910111213146[[CODE]:[Email Local]],4,0) -> dap6.21137 | H87: =VLOOKUP(E87,Table145678910111213141545678910111213146[[CODE]:[Email Local]],6,0) -> ok | J87: IT@vpic1 | K87: 45399 | N87: Cắt X6
A88: 724 | B88: 10 | C88: Dập 6 六廠沖壓 | D88: Nguyễn Văn Tâm | E88: #03282 | F88: VN03282 | G88: =VLOOKUP(E88,Table145678910111213141545678910111213146[[CODE]:[Email Local]],4,0) -> 03282.tam | H88: =VLOOKUP(E88,Table145678910111213141545678910111213146[[CODE]:[Email Local]],6,0) -> ok | J88: IT@vpic1 | K88: 45399 | N88: Dập X6
A89: 725 | B89: 11 | C89: Dập 6 六廠沖壓 | D89: Nguyễn Văn Thìn | E89: #09874 | F89: VN09874 | G89: =VLOOKUP(E89,Table145678910111213141545678910111213146[[CODE]:[Email Local]],4,0) -> 09874.thin | H89: =VLOOKUP(E89,Table145678910111213141545678910111213146[[CODE]:[Email Local]],6,0) -> ok | J89: IT@vpic1 | K89: 45456 | N89: Cắt X6
A90: 728 | B90: 14 | C90: Dập 6 六廠沖壓 | D90: Đoàn Văn Hiền | E90: #00431 | F90: VN00431 | G90: =VLOOKUP(E90,Table145678910111213141545678910111213146[[CODE]:[Email Local]],4,0) -> 00431.hien | H90: =VLOOKUP(E90,Table145678910111213141545678910111213146[[CODE]:[Email Local]],6,0) -> ok | J90: IT@vpic1 | K90: 45561 | N90: Dập X6
A91: 540 | B91: 1 | C91: Đúc 壓鑄部 | D91: Nguyễn Mạnh Tú | E91: #01436 | F91: VN01436 | G91: =VLOOKUP(E91,Table145678910111213141545678910111213146[[CODE]:[Email Local]],4,0) -> duc.01436 | H91: =VLOOKUP(E91,Table145678910111213141545678910111213146[[CODE]:[Email Local]],6,0) -> 0 | J91: IT@vpic1 | K91: 45434 | N91: Đúc
A92: 542 | B92: 3 | C92: Đúc 壓鑄部 | D92: Dương Thị Thu Thủy | E92: #01373 | F92: VN01373 | G92: =VLOOKUP(E92,Table145678910111213141545678910111213146[[CODE]:[Email Local]],4,0) -> duc.01373 | H92: =VLOOKUP(E92,Table145678910111213141545678910111213146[[CODE]:[Email Local]],6,0) -> 0 | J92: IT@vpic1 | K92: 45434 | N92: Đúc
A93: 543 | B93: 4 | C93: Đúc 壓鑄部 | D93: Nguyễn Thị Luyến | E93: #00917 | F93: VN00917 | G93: =VLOOKUP(E93,Table145678910111213141545678910111213146[[CODE]:[Email Local]],4,0) -> duc.00917 | H93: =VLOOKUP(E93,Table145678910111213141545678910111213146[[CODE]:[Email Local]],6,0) -> 0 | J93: IT@vpic1 | K93: 45434 | N93: Đúc
A94: 544 | B94: 5 | C94: Đúc 壓鑄部 | D94: Nguyễn Thị Thuý Minh | E94: #01198 | F94: VN01198 | G94: =VLOOKUP(E94,Table145678910111213141545678910111213146[[CODE]:[Email Local]],4,0) -> duc.01198 | H94: =VLOOKUP(E94,Table145678910111213141545678910111213146[[CODE]:[Email Local]],6,0) -> 0 | J94: IT@vpic1 | K94: 45434 | N94: Đúc
A95: 545 | B95: 6 | C95: Đúc 壓鑄部 | D95: Lê Thị Thu | E95: #16878 | F95: VN16878 | G95: =VLOOKUP(E95,Table145678910111213141545678910111213146[[CODE]:[Email Local]],4,0) -> duc.16878 | H95: =VLOOKUP(E95,Table145678910111213141545678910111213146[[CODE]:[Email Local]],6,0) -> 0 | J95: IT@vpic1 | K95: 45434 | N95: Đúc
A96: 547 | B96: 8 | C96: Đúc 壓鑄部 | D96: Phạm Thị Ngọc Hà | E96: #09194 | F96: VN09194 | G96: =VLOOKUP(E96,Table145678910111213141545678910111213146[[CODE]:[Email Local]],4,0) -> duc.09194 | H96: =VLOOKUP(E96,Table145678910111213141545678910111213146[[CODE]:[Email Local]],6,0) -> 0 | J96: IT@vpic1 | K96: 45434 | N96: Đúc
A97: 549 | B97: 10 | C97: Đúc 壓鑄部 | D97: Đặng Văn Thái | E97: #09155 | F97: VN09155 | G97: =VLOOKUP(E97,Table145678910111213141545678910111213146[[CODE]:[Email Local]],4,0) -> db.09155 | H97: =VLOOKUP(E97,Table145678910111213141545678910111213146[[CODE]:[Email Local]],6,0) -> 0 | J97: IT@vpic1 | K97: 45500 | N97: Đánh bóng
A98: 550 | B98: 11 | C98: Đúc 壓鑄部 | D98: #N/A | E98: #00167 | F98: VN00167 | G98: =VLOOKUP(E98,Table145678910111213141545678910111213146[[CODE]:[Email Local]],4,0) -> #N/A | H98: =VLOOKUP(E98,Table145678910111213141545678910111213146[[CODE]:[Email Local]],6,0) -> #N/A | J98: IT@vpic1 | K98: 45434 | L98: 45806 | M98: 45806 | N98: #N/A
A99: 551 | B99: 12 | C99: Đúc 壓鑄部 | D99: Lê Phương Quỳnh | E99: #00776 | F99: VN00776 | G99: =VLOOKUP(E99,Table145678910111213141545678910111213146[[CODE]:[Email Local]],4,0) -> duc.00776 | H99: =VLOOKUP(E99,Table145678910111213141545678910111213146[[CODE]:[Email Local]],6,0) -> 0 | J99: IT@vpic1 | K99: 45434 | N99: Đúc
A100: 553 | B100: 14 | C100: Đúc 壓鑄部 | D100: Nguyễn Hải Yến | E100: #22029 | F100: VN22029 | G100: =VLOOKUP(E100,Table145678910111213141545678910111213146[[CODE]:[Email Local]],4,0) -> #N/A | H100: =VLOOKUP(E100,Table145678910111213141545678910111213146[[CODE]:[Email Local]],6,0) -> #N/A | J100: IT@vpic1 | K100: 45434 | L100: 45806 | M100: 45806 | N100: #N/A
...

Sheet DS
B1: Số thẻ chính thức | C1: Họ và Tên | D1: ngày vào | E1: Phòng
A2: ="#"&B2 -> #
A3: ="#"&B3 -> #
A4: ="#"&B4 -> #00038 | B4: 00038 | C4: Lê Văn Trưởng | D4: 37216 | E4: Hàn X1
A5: ="#"&B5 -> #00039 | B5: 00039 | C5: Nguyễn Văn Minh | D5: 37216 | E5: QC
A6: ="#"&B6 -> #00041 | B6: 00041 | C6: Nguyễn Văn Xuân | D6: 37217 | E6: QLK
A7: ="#"&B7 -> #00046 | B7: 00046 | C7: Nguyễn Quốc Hoàn | D7: 37222 | E7: Hàn X6
A8: ="#"&B8 -> #00056 | B8: 00056 | C8: Nguyễn Văn Bích | D8: 37312 | E8: QC
A9: ="#"&B9 -> #00063 | B9: 00063 | C9: Nguyễn Duy Dũng | D9: 37411 | E9: Sơn X3
A10: ="#"&B10 -> #00067 | B10: 00067 | C10: Nguyễn Anh Tiến | D10: 37411 | E10: Khuôn mẫu
A11: ="#"&B11 -> #00069 | B11: 00069 | C11: Nguyễn Hữu Thắng | D11: 37411 | E11: QLK
A12: ="#"&B12 -> #00072 | B12: 00072 | C12: Trần Đức Quang | D12: 37411 | E12: QLSX
A13: ="#"&B13 -> #00079 | B13: 00079 | C13: Phạm Thị Hồng Việt | D13: 37420 | E13: QC
A14: ="#"&B14 -> #00082 | B14: 00082 | C14: Lê Văn Duy | D14: 37439 | E14: Sơn X6
A15: ="#"&B15 -> #00110 | B15: 00110 | C15: Phạm Sỹ Vượng | D15: 37369 | E15: Hàn X1
... A4259: ="#"&B4259 -> #26461 | B4259: 26461 | C4259: Hoàng Quốc Việt | D4259: 45994 | E4259: Hàn X3
A4260: #26471 | B4260: 26471 | C4260: Nguyễn Thị Đan Quế | E4260: Thu mua

Sheet FileServer
A1: FILE SERVER UPDATE
A2: No. | B2: Num | C2: Department | D2: CODE | E2: Code2 | F2: FULL NAME | G2: USER | H2: ALOW AD | I2: Email Local | J2: Pass | K2: Create date | L2: Disable | M2: Delete | N2: Column1
A3: 1 | B3: 1 | C3: CAT | D3: =CONCATENATE("#",E3) -> #03441 | E3: 03441 | F3: Khổng Thị Thanh Tú | G3: cat.03441 | H3: =CONCATENATE("VN",E3) -> VN03441 | I3: ok
A4: 2 | B4: 2 | C4: CAT | D4: =CONCATENATE("#",E4) -> #07286 | E4: 07286 | F4: Chu Văn Tư | G4: cat.07286 | H4: =CONCATENATE("VN",E4) -> VN07286
A5: 3 | B5: 3 | C5: CAT | D5: =CONCATENATE("#",E5) -> #07839 | E5: 07839 | F5: Nguyễn Thị Phương Thảo | G5: cat.07839 | H5: =CONCATENATE("VN",E5) -> VN07839 | L5: 45784 | M5: 45887
A6: 4 | B6: 4 | C6: CAT | D6: =CONCATENATE("#",E6) -> #00868 | E6: 00868 | F6: Đường Văn Mạnh | G6: cat.00868 | H6: =CONCATENATE("VN",E6) -> VN00868 | I6: ok | J6: MaNH!@#00868
A7: 5 | B7: 5 | C7: CAT | D7: =CONCATENATE("#",E7) -> #01458 | E7: 01458 | F7: Nguyễn Văn Chúc | G7: cat.01458 | H7: =CONCATENATE("VN",E7) -> VN01458 | I7: CAT 素材
A8: 6 | B8: 6 | C8: CAT | D8: =CONCATENATE("#",E8) -> #02175 | E8: 02175 | F8: Trần Kim Thu | G8: cat.02175 | H8: =CONCATENATE("VN",E8) -> VN02175
A9: 7 | B9: 7 | C9: CAT | D9: =CONCATENATE("#",E9) -> #02319 | E9: 02319 | F9: Nguyễn Văn Nhất | G9: cat.02319 | H9: =CONCATENATE("VN",E9) -> VN02319
A10: 8 | B10: 8 | C10: CAT | D10: =CONCATENATE("#",E10) -> #15502 | E10: 15502 | F10: Trần Văn Dũng | G10: cat.15502 | H10: =CONCATENATE("VN",E10) -> VN15502 | L10: 45596 | M10: 45887
A11: 9 | B11: 9 | C11: CAT | D11: =CONCATENATE("#",E11) -> #08917 | E11: 08917 | F11: Nguyễn Văn Sơn | G11: 08917.son | H11: =CONCATENATE("VN",E11) -> VN08917 | J11: 123456 | K11: 45525
A12: 10 | B12: 10 | C12: CAT | D12: =CONCATENATE("#",E12) -> #02857 | E12: 02857 | F12: Lâm Thị Hiền | G12: cat.02857 | H12: =CONCATENATE("VN",E12) -> VN02857 | I12: ok
A13: 11 | B13: 11 | C13: CAT | D13: =CONCATENATE("#",E13) -> #19230 | E13: 19230 | F13: Nguyễn Thị Thuân | G13: cat.19230 | H13: =CONCATENATE("VN",E13) -> VN19230 | I13: ok
A14: 12 | B14: 1 | C14: DANH BONG | D14: =CONCATENATE("#",E14) -> #01614 | E14: 01614 | F14: Phùng Văn Hà | G14: son.01614 | H14: =CONCATENATE("VN",E14) -> VN01614
A15: 13 | B15: 2 | C15: DANH BONG | D15: =CONCATENATE("#",E15) -> #01021 | E15: 01021 | F15: Bùi Việt Anh | G15: db.01021 | H15: =CONCATENATE("VN",E15) -> VN01021 | I15: ok
A16: 14 | B16: 3 | C16: DANH BONG | D16: =CONCATENATE("#",E16) -> #09155 | E16: 09155 | F16: Đặng Văn Thái | G16: db.09155 | H16: =CONCATENATE("VN",E16) -> VN09155
A17: 15 | B17: 4 | C17: DANH BONG | D17: =CONCATENATE("#",E17) -> #01609 | E17: 01609 | F17: Ngô Đình Hiếu | G17: db.01609 | H17: =CONCATENATE("VN",E17) -> VN01609
A18: 16 | B18: 1 | C18: KAIFA | D18: =CONCATENATE("#",E18) -> #00285 | E18: 00285 | F18: Đàm Thị Kim Liên | G18: kf.00285 | H18: =CONCATENATE("VN",E18) -> VN00285
A19: 17 | B19: 2 | C19: KAIFA | D19: =CONCATENATE("#",E19) -> #00490 | E19: 00490 | F19: Hạ Văn Lợi | G19: kf.0490 | H19: =CONCATENATE("VN",E19) -> VN00490
A20: 18 | B20: 3 | C20: KAIFA | D20: =CONCATENATE("#",E20) -> #00799 | E20: 00799 | F20: Phan Bá Bộ | G20: kf.0799 | H20: =CONCATENATE("VN",E20) -> VN00799
A21: 19 | B21: 4 | C21: KAIFA | D21: =CONCATENATE("#",E21) -> #01057 | E21: 01057 | F21: Phạm Thế Sơn | G21: kf.1057 | H21: =CONCATENATE("VN",E21) -> VN01057
A22: 20 | B22: 5 | C22: KAIFA | D22: =CONCATENATE("#",E22) -> #01955 | E22: 01955 | F22: Dương Đức Sơn | G22: kf.1955 | H22: =CONCATENATE("VN",E22) -> VN01955
A23: 21 | B23: 6 | C23: KAIFA | D23: =CONCATENATE("#",E23) -> #02543 | E23: 02543 | F23: Hoàng văn Hải | G23: kf.2543 | H23: =CONCATENATE("VN",E23) -> VN02543
A24: 22 | B24: 7 | C24: KAIFA | D24: =CONCATENATE("#",E24) -> #02642 | E24: 02642 | F24: Phạm Văn Vẽ | G24: kf.2642 | H24: =CONCATENATE("VN",E24) -> VN02642 | J24: Vanve2642@
A25: 23 | B25: 8 | C25: KAIFA | D25: =CONCATENATE("#",E25) -> #03487 | E25: 03487 | F25: Nguyễn Đình Đường | G25: kf.3487 | H25: =CONCATENATE("VN",E25) -> VN03487
A26: 24 | B26: 9 | C26: KAIFA | D26: =CONCATENATE("#",E26) -> #03798 | E26: 03798 | F26: Phùng Hữu Đức | G26: kf.3798 | H26: =CONCATENATE("VN",E26) -> VN03798
A27: 25 | B27: 10 | C27: KAIFA | D27: =CONCATENATE("#",E27) -> #03889 | E27: 03889 | F27: Đỗ Tiến Mạnh | G27: kf.3889 | H27: =CONCATENATE("VN",E27) -> VN03889
A28: 26 | B28: 11 | C28: KAIFA | D28: =CONCATENATE("#",E28) -> #04750 | E28: 04750 | F28: Lương Văn Thường | G28: kf.4750 | H28: =CONCATENATE("VN",E28) -> VN04750
A29: 27 | B29: 12 | C29: KAIFA | D29: =CONCATENATE("#",E29) -> #04751 | E29: 04751 | F29: Hạ Trọng Lực | G29: kf.4751 | H29: =CONCATENATE("VN",E29) -> VN04751
A30: 28 | B30: 13 | C30: KAIFA | D30: =CONCATENATE("#",E30) -> #05224 | E30: 05224 | F30: Vũ Thị Thanh Hương | G30: kf.5224 | H30: =CONCATENATE("VN",E30) -> VN05224 | I30: ok
A31: 29 | B31: 14 | C31: KAIFA | D31: =CONCATENATE("#",E31) -> #06235 | E31: 06235 | F31: Nguyễn Đình Dũng | G31: kf.6235 | H31: =CONCATENATE("VN",E31) -> VN06235 | L31: 45735 | M31: 45887
A32: 30 | B32: 15 | C32: KAIFA | D32: =CONCATENATE("#",E32) -> #06382 | E32: 06382 | F32: Lê Văn Châm | G32: kf.6382 | H32: =CONCATENATE("VN",E32) -> VN06382
A33: 31 | B33: 16 | C33: KAIFA | D33: =CONCATENATE("#",E33) -> #07179 | E33: 07179 | F33: Phùng Văn Quyền | G33: kf.7179 | H33: =CONCATENATE("VN",E33) -> VN07179
A34: 32 | B34: 17 | C34: KAIFA | D34: =CONCATENATE("#",E34) -> #07837 | E34: 07837 | F34: Nghiêm Văn Dự | G34: kf.7837 | H34: =CONCATENATE("VN",E34) -> VN07837 | L34: 45672 | M34: 45887
A35: 33 | B35: 18 | C35: KAIFA | D35: =CONCATENATE("#",E35) -> #08125 | E35: 08125 | F35: Nguyễn Văn Thấm | G35: kf.8125 | H35: =CONCATENATE("VN",E35) -> VN08125 | L35: 45759 | M35: 45887
A36: 34 | B36: 19 | C36: KAIFA | D36: =CONCATENATE("#",E36) -> #08128 | E36: 08128 | F36: Phùng Văn Phương | G36: kf.8128 | H36: =CONCATENATE("VN",E36) -> VN08128
A37: 35 | B37: 20 | C37: KAIFA | D37: =CONCATENATE("#",E37) -> #08232 | E37: 08232 | F37: Phạm Văn Thực | G37: kf.8232 | H37: =CONCATENATE("VN",E37) -> VN08232
A38: 36 | B38: 21 | C38: KAIFA | D38: =CONCATENATE("#",E38) -> #08552 | E38: 08552 | F38: Lê Mạnh Tú | G38: kf.8552 | H38: =CONCATENATE("VN",E38) -> VN08552
A39: 37 | B39: 22 | C39: KAIFA | D39: =CONCATENATE("#",E39) -> #09586 | E39: 09586 | F39: Đỗ Minh Tuấn | G39: kf.9586 | H39: =CONCATENATE("VN",E39) -> VN09586
A40: 38 | B40: 23 | C40: KAIFA | D40: =CONCATENATE("#",E40) -> #09587 | E40: 09587 | F40: Trần Lâm Anh | G40: kf.9587 | H40: =CONCATENATE("VN",E40) -> VN09587
A41: 39 | B41: 24 | C41: KAIFA | D41: =CONCATENATE("#",E41) -> #09589 | E41: 09589 | F41: Nguyễn Văn Biên | G41: kf.9589 | H41: =CONCATENATE("VN",E41) -> VN09589
A42: 40 | B42: 25 | C42: KAIFA | D42: =CONCATENATE("#",E42) -> #10610 | E42: 10610 | F42: Trần Văn Hoàn | G42: kf.10610 | H42: =CONCATENATE("VN",E42) -> VN10610 | J42: 123456
A43: 41 | B43: 26 | C43: KAIFA | D43: =CONCATENATE("#",E43) -> #10611 | E43: 10611 | F43: Nguyễn Minh Hải | G43: kf.10611 | H43: =CONCATENATE("VN",E43) -> VN10611 | J43: 123456
A44: 42 | B44: 27 | C44: KAIFA | D44: =CONCATENATE("#",E44) -> #10782 | E44: 10782 | F44: Vũ Lâm Tùng | G44: kf.10782 | H44: =CONCATENATE("VN",E44) -> VN10782 | L44: 45748 | M44: 45887
A45: 43 | B45: 28 | C45: KAIFA | D45: =CONCATENATE("#",E45) -> #10783 | E45: 10783 | F45: Đặng Minh Thắng | G45: kf.10783 | H45: =CONCATENATE("VN",E45) -> VN10783
A46: 44 | B46: 29 | C46: KAIFA | D46: =CONCATENATE("#",E46) -> #10784 | E46: 10784 | F46: Nguyễn Văn Tú | G46: kf.10784 | H46: =CONCATENATE("VN",E46) -> VN10784
A47: 45 | B47: 30 | C47: KAIFA | D47: =CONCATENATE("#",E47) -> #10785 | E47: 10785 | F47: Nghiêm Hữu Phương Tuân | G47: kf.10785 | H47: =CONCATENATE("VN",E47) -> VN10785
A48: 46 | B48: 31 | C48: KAIFA | D48: =CONCATENATE("#",E48) -> #10861 | E48: 10861 | F48: Nguyễn Thị Thúy Hồng | G48: kf.10861 | H48: =CONCATENATE("VN",E48) -> VN10861
A49: 47 | B49: 32 | C49: KAIFA | D49: =CONCATENATE("#",E49) -> #10863 | E49: 10863 | F49: Nguyễn Văn Long | G49: kf.10863 | H49: =CONCATENATE("VN",E49) -> VN10863
A50: 48 | B50: 33 | C50: KAIFA | D50: =CONCATENATE("#",E50) -> #10864 | E50: 10864 | F50: Bùi Hồng Hưng | G50: kf.10864 | H50: =CONCATENATE("VN",E50) -> VN10864
A51: 49 | B51: 34 | C51: KAIFA | D51: =CONCATENATE("#",E51) -> #10878 | E51: 10878 | F51: Trần Hà Phương | G51: 10878.phuong | H51: =CONCATENATE("VN",E51) -> VN10878
A52: 50 | B52: 35 | C52: KAIFA | D52: =CONCATENATE("#",E52) -> #10879 | E52: 10879 | F52: Đỗ Trung Sơn | G52: kf.10879 | H52: =CONCATENATE("VN",E52) -> VN10879
A53: 51 | B53: 36 | C53: KAIFA | D53: =CONCATENATE("#",E53) -> #10945 | E53: 10945 | F53: Hoàng Thị Thu Phương | G53: kf.10945 | H53: =CONCATENATE("VN",E53) -> VN10945
A54: 52 | B54: 37 | C54: KAIFA | D54: =CONCATENATE("#",E54) -> #10953 | E54: 10953 | F54: Hà Tiến Trung | G54: kf.10953 | H54: =CONCATENATE("VN",E54) -> VN10953
A55: 53 | B55: 38 | C55: KAIFA | D55: =CONCATENATE("#",E55) -> #10954 | E55: 10954 | F55: Trần Đức Hoàn | G55: kf.10954 | H55: =CONCATENATE("VN",E55) -> VN10954
A56: 54 | B56: 39 | C56: KAIFA | D56: =CONCATENATE("#",E56) -> #10955 | E56: 10955 | F56: Trần Mạnh | G56: kf.10955 | H56: =CONCATENATE("VN",E56) -> VN10955
A57: 55 | B57: 40 | C57: KAIFA | D57: =CONCATENATE("#",E57) -> #11131 | E57: 11131 | F57: Lê Văn Tính | G57: kf.11131 | H57: =CONCATENATE("VN",E57) -> VN11131 | I57: ok
A58: 56 | B58: 41 | C58: KAIFA | D58: =CONCATENATE("#",E58) -> #11132 | E58: 11132 | F58: Nguyễn Đức Trường | G58: kf.11132 | H58: =CONCATENATE("VN",E58) -> VN11132
A59: 57 | B59: 42 | C59: KAIFA | D59: =CONCATENATE("#",E59) -> #11632 | E59: 11632 | F59: Kim Văn Huấn | G59: kf.11632 | H59: =CONCATENATE("VN",E59) -> VN11632 | J59: 123456
A60: 58 | B60: 43 | C60: KAIFA | D60: =CONCATENATE("#",E60) -> #11658 | E60: 11658 | F60: Nguyễn Duy Hai | G60: kf.11658 | H60: =CONCATENATE("VN",E60) -> VN11658 | J60: 123456
A61: 59 | B61: 44 | C61: KAIFA | D61: =CONCATENATE("#",E61) -> #11723 | E61: 11723 | F61: Lại Xuân Dương | G61: kf.11723 | H61: =CONCATENATE("VN",E61) -> VN11723
A62: 60 | B62: 45 | C62: KAIFA | D62: =CONCATENATE("#",E62) -> #11724 | E62: 11724 | F62: Nguyễn Văn Nam | G62: kf.11724 | H62: =CONCATENATE("VN",E62) -> VN11724 | I62: ok
A63: 61 | B63: 46 | C63: KAIFA | D63: =CONCATENATE("#",E63) -> #11725 | E63: 11725 | F63: Trần Anh Hoàn | G63: kf.11725 | H63: =CONCATENATE("VN",E63) -> VN11725
A64: 62 | B64: 47 | C64: KAIFA | D64: =CONCATENATE("#",E64) -> #11946 | E64: 11946 | F64: Phùng Xuân Trường | G64: kf.11946 | H64: =CONCATENATE("VN",E64) -> VN11946 | L64: 45753 | M64: 45887
A65: 63 | B65: 48 | C65: KAIFA | D65: =CONCATENATE("#",E65) -> #12038 | E65: 12038 | F65: Phạm Hùng Huynh | G65: kf.12038 | H65: =CONCATENATE("VN",E65) -> VN12038 | J65: 123456
A66: 64 | B66: 49 | C66: KAIFA | D66: =CONCATENATE("#",E66) -> #12403 | E66: 12403 | F66: Đỗ Việt Đức | G66: kf.12403 | H66: =CONCATENATE("VN",E66) -> VN12403 | J66: 123456
A67: 65 | B67: 50 | C67: KAIFA | D67: =CONCATENATE("#",E67) -> #12404 | E67: 12404 | F67: Lưu Quốc Tuấn | G67: kf.12404 | H67: =CONCATENATE("VN",E67) -> VN12404 | I67: ok | L67: 45761 | M67: 45887
A68: 66 | B68: 51 | C68: KAIFA | D68: =CONCATENATE("#",E68) -> #12405 | E68: 12405 | F68: Trần Văn Hoàng | G68: kf.12405 | H68: =CONCATENATE("VN",E68) -> VN12405
A69: 67 | B69: 52 | C69: KAIFA | D69: =CONCATENATE("#",E69) -> #12580 | E69: 12580 | F69: Nguyễn Thị Nga | G69: kf.12580 | H69: =CONCATENATE("VN",E69) -> VN12580
A70: 68 | B70: 53 | C70: KAIFA | D70: =CONCATENATE("#",E70) -> #12582 | E70: 12582 | F70: Nguyễn Văn Sơn | G70: kf.12582 | H70: =CONCATENATE("VN",E70) -> VN12582 | J70: 123456
A71: 69 | B71: 54 | C71: KAIFA | D71: =CONCATENATE("#",E71) -> #12583 | E71: 12583 | F71: Trần Bá Cường | G71: kf.12583 | H71: =CONCATENATE("VN",E71) -> VN12583 | J71: uq8$vi
A72: 70 | B72: 55 | C72: KAIFA | D72: =CONCATENATE("#",E72) -> #12584 | E72: 12584 | F72: Đào Văn Chiến | G72: kf.12584 | H72: =CONCATENATE("VN",E72) -> VN12584
A73: 71 | B73: 56 | C73: KAIFA | D73: =CONCATENATE("#",E73) -> #12698 | E73: 12698 | F73: Nguyễn Bá Kiên | G73: kf.12698 | H73: =CONCATENATE("VN",E73) -> VN12698 | I73: ok | L73: 45784 | M73: 45887
A74: 72 | B74: 57 | C74: KAIFA | D74: =CONCATENATE("#",E74) -> #12760 | E74: 12760 | F74: Phan Văn Hợi | G74: kf.12760 | H74: =CONCATENATE("VN",E74) -> VN12760 | J74: Z\SM`Y
A75: 73 | B75: 58 | C75: KAIFA | D75: =CONCATENATE("#",E75) -> #12761 | E75: 12761 | F75: Ngô Công Đoàn | G75: kf.12761 | H75: =CONCATENATE("VN",E75) -> VN12761 | I75: ok
A76: 74 | B76: 59 | C76: KAIFA | D76: =CONCATENATE("#",E76) -> #12805 | E76: 12805 | F76: Đào Xuân Hoàn | G76: kf.12805 | H76: =CONCATENATE("VN",E76) -> VN12805 | L76: 45354 | M76: 45887
A77: 75 | B77: 60 | C77: KAIFA | D77: =CONCATENATE("#",E77) -> #12806 | E77: 12806 | F77: Nguyễn Văn Khai | G77: kf.12806 | H77: =CONCATENATE("VN",E77) -> VN12806 | I77: ok
A78: 76 | B78: 61 | C78: KAIFA | D78: =CONCATENATE("#",E78) -> #12808 | E78: 12808 | F78: Nguyễn Văn Dậu | G78: kf.12808 | H78: =CONCATENATE("VN",E78) -> VN12808
A79: 77 | B79: 62 | C79: KAIFA | D79: =CONCATENATE("#",E79) -> #13074 | E79: 13074 | F79: Đào Thị Huế | G79: kf.13074 | H79: =CONCATENATE("VN",E79) -> VN13074 | L79: 45824 | M79: 45887
A80: 78 | B80: 63 | C80: KAIFA | D80: =CONCATENATE("#",E80) -> #13090 | E80: 13090 | F80: Ngô Văn Hiền | G80: kf.13090 | H80: =CONCATENATE("VN",E80) -> VN13090
A81: 79 | B81: 64 | C81: KAIFA | D81: =CONCATENATE("#",E81) -> #13165 | E81: 13165 | F81: Phạm Văn Thắng | G81: kf.13165 | H81: =CONCATENATE("VN",E81) -> VN13165
A82: 80 | B82: 65 | C82: KAIFA | D82: =CONCATENATE("#",E82) -> #13166 | E82: 13166 | F82: Trần Văn Tài | G82: kf.13166 | H82: =CONCATENATE("VN",E82) -> VN13166 | L82: 45317 | M82: 45887
A83: 81 | B83: 66 | C83: KAIFA | D83: =CONCATENATE("#",E83) -> #13209 | E83: 13209 | F83: Nguyễn Văn Chung | G83: kf.13209 | H83: =CONCATENATE("VN",E83) -> VN13209 | L83: 45346 | M83: 45887
A84: 82 | B84: 67 | C84: KAIFA | D84: =CONCATENATE("#",E84) -> #13321 | E84: 13321 | F84: Bùi Việt Hưng | G84: kf.13321 | H84: =CONCATENATE("VN",E84) -> VN13321 | J84: Abcd1234
A85: 83 | B85: 68 | C85: KAIFA | D85: =CONCATENATE("#",E85) -> #13486 | E85: 13486 | F85: Bựi Hữu Linh | G85: kf.13486 | H85: =CONCATENATE("VN",E85) -> VN13486 | L85: 45520 | M85: 45887
A86: 84 | B86: 69 | C86: KAIFA | D86: =CONCATENATE("#",E86) -> #13667 | E86: 13667 | F86: Hạ Văn Bắc | G86: kf.13667 | H86: =CONCATENATE("VN",E86) -> VN13667 | I86: ok | L86: 45513 | M86: 45887
A87: 85 | B87: 70 | C87: KAIFA | D87: =CONCATENATE("#",E87) -> #13668 | E87: 13668 | F87: Đỗ Đoan Trang | G87: kf.13668 | H87: =CONCATENATE("VN",E87) -> VN13668 | I87: ok | J87: l>W#,i
A88: 86 | B88: 71 | C88: KAIFA | D88: =CONCATENATE("#",E88) -> #13669 | E88: 13669 | F88: Dương Văn Hòa | G88: kf.13669 | H88: =CONCATENATE("VN",E88) -> VN13669 | I88: ok | J88: Abcd1234
A89: 87 | B89: 72 | C89: KAIFA | D89: =CONCATENATE("#",E89) -> #13671 | E89: 13671 | F89: Trần Quang Huấn | G89: kf.13671 | H89: =CONCATENATE("VN",E89) -> VN13671 | L89: 45506 | M89: 45887
A90: 88 | B90: 73 | C90: KAIFA | D90: =CONCATENATE("#",E90) -> #13672 | E90: 13672 | F90: Đào Duy Thanh | G90: kf.13672 | H90: =CONCATENATE("VN",E90) -> VN13672
A91: 89 | B91: 74 | C91: KAIFA | D91: =CONCATENATE("#",E91) -> #13852 | E91: 13852 | F91: Trịnh Văn Nam | G91: kf.13852 | H91: =CONCATENATE("VN",E91) -> VN13852 | I91: ok
A92: 90 | B92: 75 | C92: KAIFA | D92: =CONCATENATE("#",E92) -> #14081 | E92: 14081 | F92: Nguyễn Thị Thu Hà | G92: kf.14081 | H92: =CONCATENATE("VN",E92) -> VN14081 | J92: Kaifa@2024 | L92: 45932
A93: 91 | B93: 76 | C93: KAIFA | D93: =CONCATENATE("#",E93) -> #14083 | E93: 14083 | F93: Nguyễn Hữu Quyết | G93: kf.14083 | H93: =CONCATENATE("VN",E93) -> VN14083 | I93: ok | L93: 45509 | M93: 45887
A94: 92 | B94: 77 | C94: KAIFA | D94: =CONCATENATE("#",E94) -> #17647 | E94: 17647 | F94: Nguyễn Xuân Chung | G94: kf.17647 | H94: =CONCATENATE("VN",E94) -> VN17647 | L94: 45553 | M94: 45887
A95: 93 | B95: 78 | C95: KAIFA | D95: =CONCATENATE("#",E95) -> #17582 | E95: 17582 | F95: Nguyễn Văn Cương | G95: kf.17582 | H95: =CONCATENATE("VN",E95) -> VN17582 | J95: 123456
A96: 94 | B96: 79 | C96: KAIFA | D96: =CONCATENATE("#",E96) -> #16851 | E96: 16851 | F96: Kim Văn Đạt | G96: kf.16851 | H96: =CONCATENATE("VN",E96) -> VN16851
A97: 95 | B97: 80 | C97: KAIFA | D97: =CONCATENATE("#",E97) -> #16671 | E97: 16671 | F97: Trần Nam Chung | G97: kf.16671 | H97: =CONCATENATE("VN",E97) -> VN16671 | L97: 45631 | M97: 45887
A98: 96 | B98: 81 | C98: KAIFA | D98: =CONCATENATE("#",E98) -> #16290 | E98: 16290 | F98: Nguyễn Văn Cường | G98: kf.16290 | H98: =CONCATENATE("VN",E98) -> VN16290 | J98: cUJm?k
A99: 97 | B99: 82 | C99: KAIFA | D99: =CONCATENATE("#",E99) -> #16289 | E99: 16289 | F99: Lê Văn Hiếu | G99: kf.16289 | H99: =CONCATENATE("VN",E99) -> VN16289 | J99: 123456
A100: 98 | B100: 83 | C100: KAIFA | D100: =CONCATENATE("#",E100) -> #16003 | E100: 16003 | F100: Triệu Đức Kỳ | G100: kf.16003 | H100: =CONCATENATE("VN",E100) -> VN16003 | L100: 45665 | M100: 45887
...

Sheet Sheet1
B5: CV cần thực hiện:

Sheet Manage
A1: No. | B1: Dep | C1: USER | D1: 中文姓名 Tên tiếng Trung | E1: 英文 Tên tiếng Anh | F1: ID (vpic1.com) | G1: Password | H1: Create date | I1: Status
A2: 1 | B2: EXEC | C2: DL01 | D2: 詹文龍 | E2: CHAN WEN LONG | F2: =C2 -> DL01 | G2: IT@vpic1
A3: 2 | B3: SON | C3: DL02 | D3: 陳宏鐘 | E3: CHEN HUNG CHUNG | F3: =C3 -> DL02 | G3: IT@vpic1
A4: 3 | B4: ADMI | C4: DL05 | D4: 廖仁成 | E4: LIAO JEN CHENG | F4: =C4 -> DL05 | G4: IT@vpic1
A5: 4 | B5: KAIFA | C5: DL06 | D5: 廖俊興 | E5: LIAO CHUN HSING | F5: =C5 -> DL06 | G5: IT@vpic1
A6: 5 | B6: Ban RD | C6: DL10 | D6: 詹前錦 | E6: CHAN CHIEN CHIN | F6: =C6 -> DL10 | G6: IT@vpic1
A7: 6 | B7: DUC | C7: DL109 | D7: 莊道弦 | E7: CHUANG TAO HSIEN | F7: =C7 -> DL109 | G7: IT@vpic1
A8: 7 | B8: QC | C8: DL110 | D8: 李志迪 | E8: LEE CHIH DI | F8: =C8 -> DL110 | G8: IT@vpic1
A9: 8 | B9: KAIFA | C9: DL111 | D9: 謝啓山 | E9: HSIEH CHI SHAN | F9: =C9 -> DL111 | G9: IT@vpic1
A10: 9 | B10: VP. TGD | C10: DL112 | D10: 蔡協奉 | E10: TSAI HSIEH FENG | F10: =C10 -> DL112 | G10: IT@vpic1
A11: 10 | B11: Ban KTSX | C11: DL122 | D11: 林高偉 | E11: LIN KAO WEI | F11: =C11 -> DL122 | G11: IT@vpic1
A12: 11 | B12: H6 | C12: DL114 | D12: 曾俊達 | E12: TSENG CHUN TA | F12: =C12 -> DL114 | G12: IT@vpic1
A13: 12 | B13: KAIFA | C13: DL120 | D13: 林冠廷 | E13: LIN KUAN TING | F13: =C13 -> DL120 | G13: IT@vpic1
... A31: 38 | B31: VP. TGD | C31: DL115 | D31: 蔡浩然 | E31: TSAI HAO JAN | F31: =C31 -> DL115 | G31: IT@vpic1
A32: 39 | B32: Kinh doanh | C32: DL94 | D32: 林宜慶 | F32: =C32 -> DL94 | G32: IT@vpic1
A33: 40 | B33: Kinh doanh | C33: DL126 | D33: 林子翔 | F33: =C33 -> DL126 | G33: IT@vpic1
A34: 41 | B34: Kaifa X6 | C34: DL125 | D34: 吳仲琪 | E34: WU CHUNG CHI | F34: =C34 -> DL125 | G34: IT@vpic1
